customer_id,recency_days,purchase_frequency,monetary_value
S0001,41.3,9.4,16074.28
S0002,103.2,3.4,3253.39
S0003,56.8,14.7,23560.02
S0004,99.7,1.0,3800.24
S0005,11.4,23.7,35070.88
S0006,7.9,34.2,41856.83
S0007,35.9,15.8,18576.76
S0008,48.4,6.5,20425.29
S0009,53.9,2.1,8545.18
S0010,55.4,13.9,12492.46
S0011,13.0,20.2,41261.97
S0012,9.8,22.9,43201.43
S0013,53.7,4.5,27306.43
S0014,12.5,16.3,53407.27
S0015,38.1,5.0,17680.89
S0016,1.0,26.6,52623.43
S0017,1.0,32.6,38492.79
S0018,44.6,11.5,21336.94
S0019,14.9,9.4,43080.34
S0020,28.2,6.3,22388.41
S0021,53.3,6.1,19736.92
S0022,39.5,12.9,19163.04
S0023,48.3,7.5,18602.01
S0024,124.0,3.2,683.2
S0025,130.5,1.7,6544.93
S0026,16.6,24.9,42334.15
S0027,19.0,33.1,39861.87
S0028,48.8,15.6,19823.51
S0029,57.4,10.1,23134.98
S0030,31.7,14.0,12784.94
S0031,50.7,10.6,16436.93
S0032,100.9,4.1,500.0
S0033,8.8,31.7,31030.2
S0034,43.6,10.0,13374.8
S0035,7.7,29.3,30864.87
S0036,48.4,9.2,31088.25
S0037,50.8,14.6,18577.57
S0038,50.6,8.3,28940.17
S0039,9.6,19.3,32057.2
S0040,98.1,4.4,8799.71
S0041,61.8,1.0,7532.14
S0042,46.9,12.2,23655.33
S0043,103.6,7.3,5415.24
S0044,43.9,5.3,11789.99
S0045,102.7,2.9,8028.31
S0046,8.1,18.5,20658.21
S0047,10.0,22.6,65154.06
S0048,10.5,30.6,50285.53
S0049,3.2,26.5,51969.19
S0050,46.7,1.0,24620.72
S0051,13.2,30.1,26446.46
S0052,48.5,7.0,19274.2
S0053,9.1,21.7,39348.12
S0054,10.6,29.5,50439.32
S0055,92.1,5.1,3126.51
S0056,37.0,11.6,18188.44
S0057,124.3,3.9,5877.33
S0058,39.6,12.4,13704.16
S0059,5.8,24.5,33116.21
S0060,46.5,15.0,20730.36
S0061,43.1,18.5,6194.16
S0062,13.8,21.9,61327.0
S0063,96.3,1.0,9397.21
S0064,70.1,7.0,20514.12
S0065,37.3,10.7,7183.6
S0066,39.4,10.1,18190.38
S0067,77.9,9.1,27837.14
S0068,4.2,33.2,60032.01
S0069,98.8,5.5,6869.62
S0070,53.4,5.8,19790.46
S0071,7.1,24.0,32748.16
S0072,11.9,27.0,39137.99
S0073,42.9,5.1,17319.18
S0074,97.1,1.0,2160.51
S0075,112.5,4.4,5510.42
S0076,50.7,6.9,13709.15
S0077,74.8,1.0,544.31
S0078,49.3,9.8,4537.75
S0079,12.5,31.2,47383.55
S0080,51.1,9.2,13056.65
S0081,12.7,22.7,53381.89
S0082,18.6,22.1,32323.95
S0083,63.0,10.0,17151.17
S0084,6.6,24.7,21123.58
S0085,110.3,4.1,5333.38
S0086,116.3,1.0,3965.74
S0087,8.7,22.5,65835.98
S0088,32.5,13.0,16293.89
S0089,44.1,7.7,20410.49
S0090,4.3,30.2,42015.51
S0091,9.2,17.0,53735.74
S0092,14.2,20.1,39856.11
S0093,9.9,27.7,47376.34
S0094,6.1,32.4,44872.44
S0095,4.6,11.8,39311.87
S0096,9.1,33.2,39738.07
S0097,50.2,4.7,5977.13
S0098,10.8,13.7,35231.12
S0099,4.4,7.0,49517.29
S0100,44.2,8.1,14979.9
S0101,10.5,24.9,46273.67
S0102,40.1,7.6,15775.51
S0103,15.8,28.8,43318.08
S0104,58.9,7.1,16029.35
S0105,49.4,4.7,17202.68
S0106,43.9,13.2,500.0
S0107,51.2,9.1,18342.96
S0108,45.7,18.2,18106.84
S0109,6.7,20.3,25400.48
S0110,1.9,30.4,44037.9
S0111,40.6,14.3,16873.75
S0112,11.4,19.8,37149.8
S0113,10.5,21.7,42871.61
S0114,51.0,13.0,22604.05
S0115,17.8,24.2,46845.09
S0116,13.0,20.8,60657.7
S0117,35.9,5.5,16886.47
S0118,13.1,37.9,58277.73
S0119,87.1,3.8,8615.79
S0120,124.3,2.6,8656.29
S0121,126.0,1.5,500.0
S0122,35.3,3.2,24287.11
S0123,9.2,25.2,49835.12
S0124,57.6,8.1,19351.97
S0125,39.3,7.3,19300.1
S0126,43.1,10.5,21968.95
S0127,7.1,22.6,33562.84
S0128,9.2,20.5,52705.02
S0129,1.0,23.3,40216.63
S0130,16.9,28.2,56590.96
S0131,9.1,24.3,41072.62
S0132,80.0,4.4,8932.95
S0133,15.8,20.5,46795.62
S0134,36.9,3.6,16012.92
S0135,103.8,2.9,4599.8
S0136,5.0,28.0,28366.03
S0137,38.1,2.2,15261.65
S0138,45.4,16.9,16386.89
S0139,10.8,26.5,52895.16
S0140,33.7,3.4,26818.52
S0141,113.7,2.3,1905.69
S0142,40.8,7.1,10585.96
S0143,94.1,4.0,6458.37
S0144,106.1,1.0,8173.31
S0145,12.2,21.3,54364.29
S0146,41.3,11.4,8626.18
S0147,44.1,12.4,21813.22
S0148,36.2,13.1,22106.99
S0149,51.5,9.6,15791.18
S0150,44.3,12.1,19761.96
S0151,118.9,3.8,1433.72
S0152,5.1,23.2,56928.53
S0153,37.1,9.4,21628.5
S0154,11.6,22.5,50311.74
S0155,32.4,12.4,16557.01
S0156,115.1,1.0,500.0
S0157,102.7,4.3,3751.14
S0158,54.2,15.1,18217.22
S0159,41.6,4.3,22504.2
S0160,11.3,31.2,47144.54
S0161,8.9,33.9,37981.29
S0162,10.1,20.8,43270.28
S0163,122.0,5.2,7654.56
S0164,14.3,18.1,53506.14
S0165,81.6,3.3,6425.43
S0166,5.8,31.7,33907.41
S0167,63.4,12.7,9880.39
S0168,42.1,9.2,19327.38
S0169,56.0,1.2,18917.22
S0170,35.6,3.8,22175.13
S0171,49.2,18.2,26380.02
S0172,45.7,1.4,5780.17
S0173,33.8,15.7,31682.5
S0174,12.8,34.7,52674.49
S0175,3.6,23.7,58957.72
S0176,49.3,12.5,14627.57
S0177,54.1,6.7,15763.52
S0178,40.0,16.4,21552.76
S0179,35.3,10.3,12316.5
S0180,7.6,24.2,39904.76
S0181,77.3,4.2,2516.29
S0182,44.0,12.6,15311.28
S0183,46.0,16.3,22868.49
S0184,41.9,9.5,21847.93
S0185,95.1,1.0,897.9
S0186,37.8,7.6,16013.85
S0187,90.8,4.7,8373.55
S0188,10.4,28.4,48858.18
S0189,45.7,5.7,9669.69
S0190,56.8,10.9,10717.19
S0191,56.3,10.0,18055.27
S0192,13.1,27.6,42478.17
S0193,50.6,11.4,14387.15
S0194,16.0,23.6,51059.33
S0195,66.9,4.2,500.0
S0196,10.8,28.7,33317.36
S0197,9.0,17.2,45157.64
S0198,49.7,8.5,14799.5
S0199,9.3,20.9,49051.75
S0200,16.7,26.1,39878.4
S0201,30.4,20.6,25064.77
S0202,49.6,4.4,18545.56
S0203,8.2,26.9,47051.45
S0204,39.1,8.0,25416.86
S0205,66.6,18.2,14488.72
S0206,96.9,3.5,7594.97
S0207,14.4,21.8,32126.09
S0208,4.8,13.4,45297.25
S0209,52.5,1.0,4479.57
S0210,40.5,14.9,31737.0
S0211,1.4,21.5,46942.52
S0212,108.6,5.9,1120.03
S0213,8.3,33.5,45847.83
S0214,126.8,2.2,7510.54
S0215,41.0,10.4,25865.63
S0216,107.6,1.0,4262.26
S0217,110.7,5.6,5898.72
S0218,14.0,24.6,26829.13
S0219,94.3,1.7,5806.69
S0220,17.0,21.8,65540.0
S0221,43.1,10.6,19686.06
S0222,48.9,5.1,17121.9
S0223,13.6,24.4,40869.69
S0224,2.8,18.3,42556.67
S0225,20.4,40.0,54846.41
S0226,7.7,18.5,65086.94
S0227,16.0,24.6,59879.48
S0228,96.5,3.5,3507.5
S0229,46.6,16.0,20593.1
S0230,92.9,3.5,5485.34
S0231,92.8,2.9,500.0
S0232,43.8,8.0,10190.42
S0233,16.3,18.3,33732.02
S0234,128.7,3.5,8209.4
S0235,48.2,13.8,26448.18
S0236,26.9,13.7,20206.22
S0237,113.6,2.3,2508.07
S0238,42.2,10.5,4858.59
S0239,36.4,12.1,7056.77
S0240,112.3,3.9,500.0
