Repeat,Fold,Model,Runtime_Sec,Accuracy,Precision,Recall,F1
1,1,Logistic Regression,0.024680854000052932,0.9694444444444444,0.9710060060060061,0.9694444444444444,0.9695257780167699
1,1,Decision Tree,0.022764212000083717,0.825,0.8315157304381442,0.825,0.825990970958758
1,1,Random Forest,0.1896850480000012,0.9833333333333333,0.9837128795462129,0.9833333333333333,0.9833697313255483
1,1,Gradient Boosting,0.7353861939998296,0.8861111111111111,0.889394916754045,0.8861111111111111,0.8863035195012449
1,2,Logistic Regression,0.02692152300005546,0.9666666666666667,0.9675008520751553,0.9666666666666667,0.9665334723384116
1,2,Decision Tree,0.02586463400007233,0.8694444444444445,0.8742659519985103,0.8694444444444445,0.8703496864624742
1,2,Random Forest,0.20714676600005077,0.9777777777777777,0.9784872542225482,0.9777777777777777,0.9778036210113571
1,2,Gradient Boosting,0.7305965770001421,0.9222222222222223,0.9279679488698208,0.9222222222222223,0.9221994773864692
1,3,Logistic Regression,0.026729231999979675,0.9777158774373259,0.9784273101614875,0.9777158774373259,0.9777059691049015
1,3,Decision Tree,0.025879483999915465,0.8328690807799443,0.8407727858229469,0.8328690807799443,0.8334009826766806
1,3,Random Forest,0.2124866500000735,0.9721448467966574,0.9730694509594231,0.9721448467966574,0.972082159958273
1,3,Gradient Boosting,0.8194469150000714,0.8941504178272981,0.8958431540604244,0.8941504178272981,0.8940503043460005
1,4,Logistic Regression,0.02265157899978476,0.9721448467966574,0.9726672381964862,0.9721448467966574,0.9720059299439954
1,4,Decision Tree,0.022392349000028844,0.8579387186629527,0.859784718227503,0.8579387186629527,0.8584164887471302
1,4,Random Forest,0.23500800800002253,0.9860724233983287,0.9865819887077767,0.9860724233983287,0.9859755662307523
1,4,Gradient Boosting,0.7660418509999545,0.9108635097493036,0.9133980699140002,0.9108635097493036,0.9111262043313564
1,5,Logistic Regression,0.024248180000085995,0.9693593314763231,0.9701839355849032,0.9693593314763231,0.9693882020242687
1,5,Decision Tree,0.0217277390001982,0.8161559888579387,0.8237739855248166,0.8161559888579387,0.8157240180365888
1,5,Random Forest,0.23389485300003798,0.9665738161559888,0.967331325073419,0.9665738161559888,0.9662916346312735
1,5,Gradient Boosting,0.757689462999906,0.8997214484679665,0.9056239483119706,0.8997214484679665,0.9012476801135045
2,1,Logistic Regression,0.025819342999966466,0.9805555555555555,0.980930930930931,0.9805555555555555,0.980548887829619
2,1,Decision Tree,0.026636468000106106,0.85,0.8546308718944293,0.85,0.850928133318358
2,1,Random Forest,0.21314384800007247,0.9805555555555555,0.9814218064218064,0.9805555555555555,0.9806199040674144
2,1,Gradient Boosting,0.7419331819999115,0.9222222222222223,0.9248041784496893,0.9222222222222223,0.9225891304598842
2,2,Logistic Regression,0.02235584499999277,0.95,0.953576711386309,0.95,0.950755344504176
2,2,Decision Tree,0.022466380999958346,0.8277777777777777,0.829311995947577,0.8277777777777777,0.8279515518460144
2,2,Random Forest,0.22636452899996584,0.9833333333333333,0.9836357190523858,0.9833333333333333,0.9833708491435676
2,2,Gradient Boosting,0.7182348409999122,0.9,0.9043341551236288,0.9,0.9005238125527981
2,3,Logistic Regression,0.02729785599990464,0.9693593314763231,0.9704827743238533,0.9693593314763231,0.9695445077296327
2,3,Decision Tree,0.025116916999877503,0.871866295264624,0.8765211494719487,0.871866295264624,0.8724011870097877
2,3,Random Forest,0.22755740599995988,0.9749303621169917,0.975518767558058,0.9749303621169917,0.97475168160562
2,3,Gradient Boosting,0.7432313080000768,0.8941504178272981,0.899449797436905,0.8941504178272981,0.894489317227262
2,4,Logistic Regression,0.04495891400006258,0.958217270194986,0.959353932649637,0.958217270194986,0.9580613832990049
2,4,Decision Tree,0.02317922199995337,0.8607242339832869,0.8691883809913962,0.8607242339832869,0.8614092725692438
2,4,Random Forest,0.2263408740000159,0.9693593314763231,0.9702954295475661,0.9693593314763231,0.9693416911283557
2,4,Gradient Boosting,0.7606328899998971,0.8885793871866295,0.893838588272992,0.8885793871866295,0.8879536699867233
2,5,Logistic Regression,0.04151661200012313,0.9721448467966574,0.9725846650051312,0.9721448467966574,0.9722556139936527
2,5,Decision Tree,0.026223820000041087,0.7994428969359332,0.7995344309934854,0.7994428969359332,0.7989290818001242
2,5,Random Forest,0.23819111700004214,0.9721448467966574,0.9733027595840967,0.9721448467966574,0.9721957741985221
2,5,Gradient Boosting,0.7585981689999244,0.883008356545961,0.8869164579729704,0.883008356545961,0.8829803311207929
3,1,Logistic Regression,0.029107948000046235,0.9722222222222222,0.9736416896943213,0.9722222222222222,0.9723551164851738
3,1,Decision Tree,0.026619186000061745,0.8333333333333334,0.8457456541865145,0.8333333333333334,0.8354154373207302
3,1,Random Forest,0.22452096100005292,0.975,0.9751416799004519,0.975,0.9747971635872634
3,1,Gradient Boosting,0.7467399139998179,0.8805555555555555,0.885697248842873,0.8805555555555555,0.8812791960709904
3,2,Logistic Regression,0.023409047000086503,0.9638888888888889,0.9668799505974609,0.9638888888888889,0.9642942711024086
3,2,Decision Tree,0.02115522700000838,0.8611111111111112,0.8650972278122816,0.8611111111111112,0.8618603699574994
3,2,Random Forest,0.20352596600014294,0.9666666666666667,0.9673417433866351,0.9666666666666667,0.9665288754588304
3,2,Gradient Boosting,0.7185171670000727,0.9083333333333333,0.9132026395059339,0.9083333333333333,0.908184461995336
3,3,Logistic Regression,0.027270821000001888,0.9777158774373259,0.9790767840907116,0.9777158774373259,0.9778082307100142
3,3,Decision Tree,0.0224894640000457,0.8440111420612814,0.8499647858979336,0.8440111420612814,0.8442962858020585
3,3,Random Forest,0.2056514609998885,0.9749303621169917,0.975847650638737,0.9749303621169917,0.9749896150255112
3,3,Gradient Boosting,0.7370308070001101,0.9025069637883009,0.9076622866261037,0.9025069637883009,0.9032990513504116
3,4,Logistic Regression,0.022106057999963014,0.9721448467966574,0.973266371574365,0.9721448467966574,0.9720229693188374
3,4,Decision Tree,0.02234311400002298,0.8245125348189415,0.8318058654716277,0.8245125348189415,0.8215387104260923
3,4,Random Forest,0.21669744600012564,0.9805013927576601,0.9810161555360206,0.9805013927576601,0.9804965384417867
3,4,Gradient Boosting,0.7379337980000855,0.8941504178272981,0.8977666195704931,0.8941504178272981,0.8940383154019982
3,5,Logistic Regression,0.025534418999995978,0.9749303621169917,0.9751538844853609,0.9749303621169917,0.974892771663283
3,5,Decision Tree,0.025120011000126397,0.8105849582172702,0.8181717060472562,0.8105849582172702,0.8121574357586574
3,5,Random Forest,0.200848176999898,0.9916434540389972,0.9918674355340534,0.9916434540389972,0.9915986673220821
3,5,Gradient Boosting,0.7232091959999707,0.8607242339832869,0.862936151118334,0.8607242339832869,0.8597427373889709
4,1,Logistic Regression,0.04636599500008742,0.9694444444444444,0.9703505677189889,0.9694444444444444,0.9693038317466051
4,1,Decision Tree,0.022565428999996584,0.8138888888888889,0.8254907644682542,0.8138888888888889,0.816318076962135
4,1,Random Forest,0.18053621800004294,0.9805555555555555,0.9811443021969337,0.9805555555555555,0.9805435721606061
4,1,Gradient Boosting,0.72977183099988,0.8777777777777778,0.8825673746238263,0.8777777777777778,0.8775733531337648
4,2,Logistic Regression,0.0260386219999873,0.9833333333333333,0.9836336336336337,0.9833333333333333,0.9833295358145832
4,2,Decision Tree,0.02157762299998467,0.8777777777777778,0.8790889627228637,0.8777777777777778,0.8777925250864625
4,2,Random Forest,0.19522254599996813,0.9861111111111112,0.98655365892208,0.9861111111111112,0.986106285166675
4,2,Gradient Boosting,0.7382311849999041,0.9138888888888889,0.9167446459951205,0.9138888888888889,0.9141385497278322
4,3,Logistic Regression,0.024399607000077594,0.9693593314763231,0.9701961812356182,0.9693593314763231,0.969375431793003
4,3,Decision Tree,0.0251952840001195,0.8272980501392758,0.8428072385637451,0.8272980501392758,0.8313726108876948
4,3,Random Forest,0.20168660399986038,0.9693593314763231,0.9701734794463132,0.9693593314763231,0.969460377397188
4,3,Gradient Boosting,0.7774522180000076,0.9192200557103064,0.9217864301679538,0.9192200557103064,0.9186475634720046
4,4,Logistic Regression,0.04448234199981016,0.9610027855153204,0.9619103783449189,0.9610027855153204,0.9611940493578326
4,4,Decision Tree,0.02863329399997383,0.8272980501392758,0.8331668855154131,0.8272980501392758,0.826642151405808
4,4,Random Forest,0.22681322800008274,0.9777158774373259,0.9782412158530029,0.9777158774373259,0.9777529578253716
4,4,Gradient Boosting,0.7352660459998788,0.8913649025069638,0.8964054177115128,0.8913649025069638,0.891954898513878
4,5,Logistic Regression,0.028122076000045126,0.9637883008356546,0.9643528157805004,0.9637883008356546,0.9638479932894466
4,5,Decision Tree,0.025477127999920413,0.8551532033426184,0.8669718723061159,0.8551532033426184,0.8567889467985994
4,5,Random Forest,0.20440530699988813,0.9693593314763231,0.9709229644539716,0.9693593314763231,0.9688075182027178
4,5,Gradient Boosting,0.7432425619999776,0.8913649025069638,0.8961295699173663,0.8913649025069638,0.8910009936452524
5,1,Logistic Regression,0.02843599799984986,0.9777777777777777,0.9778927364864866,0.9777777777777777,0.9776000136304777
5,1,Decision Tree,0.02666780899994592,0.8583333333333333,0.864117961112743,0.8583333333333333,0.8595651764840279
5,1,Random Forest,0.21784922699998788,0.9861111111111112,0.9865516832622097,0.9861111111111112,0.9861029076028169
5,1,Gradient Boosting,0.7374984220000442,0.925,0.9266724948226495,0.925,0.9250556233558375
5,2,Logistic Regression,0.025530208999953174,0.9722222222222222,0.9724701199933399,0.9722222222222222,0.9720073116930734
5,2,Decision Tree,0.02208455499999218,0.8194444444444444,0.8226111339691969,0.8194444444444444,0.8188808786657186
5,2,Random Forest,0.2092286110000714,0.9555555555555556,0.9557437165249664,0.9555555555555556,0.9550272093332525
5,2,Gradient Boosting,0.7274409670001205,0.875,0.8770679440550316,0.875,0.8747329741070811
5,3,Logistic Regression,0.025046940000038376,0.9610027855153204,0.9624513783081184,0.9610027855153204,0.961227742179665
5,3,Decision Tree,0.0227743630000532,0.8384401114206128,0.8434671790004693,0.8384401114206128,0.836501673286632
5,3,Random Forest,0.21751889100005428,0.9721448467966574,0.9731097832915748,0.9721448467966574,0.9722727553627694
5,3,Gradient Boosting,0.7350041619999956,0.8941504178272981,0.8984584569909303,0.8941504178272981,0.8933025115125524
5,4,Logistic Regression,0.024245555000106833,0.9749303621169917,0.975655874204474,0.9749303621169917,0.9749972719698566
5,4,Decision Tree,0.022449805000178458,0.8245125348189415,0.8380927089725477,0.8245125348189415,0.8257624467130568
5,4,Random Forest,0.20182206700019378,0.9721448467966574,0.9728914056578621,0.9721448467966574,0.9722206236575744
5,4,Gradient Boosting,0.7551070960000743,0.8941504178272981,0.8993936609186676,0.8941504178272981,0.8942513075260882
5,5,Logistic Regression,0.024478837000060594,0.9665738161559888,0.967961472139745,0.9665738161559888,0.9666710012979557
5,5,Decision Tree,0.021608008000157497,0.8328690807799443,0.8440386263758105,0.8328690807799443,0.834442147023385
5,5,Random Forest,0.21062470700007907,0.9749303621169917,0.9760384012186405,0.9749303621169917,0.9749395989487966
5,5,Gradient Boosting,0.7592735529999572,0.8885793871866295,0.8908014051161525,0.8885793871866295,0.8885805772571098
