Repeat,Fold,Model,Runtime_Sec,Accuracy,Precision,Recall,F1,Dataset,Task,MAE,RMSE,R2
1,1,Logistic Regression,0.02461389999371022,0.9736842105263158,0.9739576213260425,0.9736842105263158,0.9737421322933159,breast_cancer,classification,,,
1,1,Decision Tree,0.024394100008066744,0.9298245614035088,0.9298245614035088,0.9298245614035088,0.9298245614035088,breast_cancer,classification,,,
1,1,Random Forest,0.4079875000170432,0.9649122807017544,0.9658276125095346,0.9649122807017544,0.965060378218273,breast_cancer,classification,,,
1,1,Gradient Boosting,0.13382930000079796,0.9473684210526315,0.9484193575726757,0.9473684210526315,0.9475905673274094,breast_cancer,classification,,,
1,2,Logistic Regression,0.02470429998356849,0.9473684210526315,0.9514695830485304,0.9473684210526315,0.9464615931721194,breast_cancer,classification,,,
1,2,Decision Tree,0.030123200005618855,0.868421052631579,0.8702579097315939,0.868421052631579,0.8656823862391516,breast_cancer,classification,,,
1,2,Random Forest,0.3511640999931842,0.9385964912280702,0.9409048938134812,0.9385964912280702,0.937745598564312,breast_cancer,classification,,,
1,2,Gradient Boosting,0.11507580001489259,0.8947368421052632,0.8948807917228969,0.8947368421052632,0.8936114090773207,breast_cancer,classification,,,
1,3,Logistic Regression,0.023391900002025068,0.9649122807017544,0.966759002770083,0.9649122807017544,0.9645092460881936,breast_cancer,classification,,,
1,3,Decision Tree,0.01977810001699254,0.8859649122807017,0.8853981106612685,0.8859649122807017,0.8850167747410855,breast_cancer,classification,,,
1,3,Random Forest,0.3222591000085231,0.9473684210526315,0.9487534626038782,0.9473684210526315,0.9467638691322903,breast_cancer,classification,,,
1,3,Gradient Boosting,0.12004559999331832,0.956140350877193,0.9589883800410116,0.956140350877193,0.9554882874504246,breast_cancer,classification,,,
1,4,Logistic Regression,0.02956980001181364,0.9912280701754386,0.9914320685434516,0.9912280701754386,0.9912489986793391,breast_cancer,classification,,,
1,4,Decision Tree,0.029142300016246736,0.9385964912280702,0.9407576913297737,0.9385964912280702,0.9390019435970705,breast_cancer,classification,,,
1,4,Random Forest,0.3253637000161689,0.9473684210526315,0.9539473684210527,0.9473684210526315,0.9479786422578186,breast_cancer,classification,,,
1,4,Gradient Boosting,0.1002777999965474,0.9649122807017544,0.9658578263841422,0.9649122807017544,0.9650731808230041,breast_cancer,classification,,,
1,5,Logistic Regression,0.022697400010656565,0.9911504424778761,0.9912733529990166,0.9911504424778761,0.991128074399212,breast_cancer,classification,,,
1,5,Decision Tree,0.02147170001990162,0.9292035398230089,0.9290883743484057,0.9292035398230089,0.9288318104419983,breast_cancer,classification,,,
1,5,Random Forest,0.3066218000021763,0.9734513274336283,0.9734813056095162,0.9734513274336283,0.9733842231976362,breast_cancer,classification,,,
1,5,Gradient Boosting,0.10239499999443069,0.9646017699115044,0.9648866529276274,0.9646017699115044,0.9644159052209991,breast_cancer,classification,,,
2,1,Logistic Regression,0.022980800014920533,0.9824561403508771,0.9824561403508771,0.9824561403508771,0.9824561403508771,breast_cancer,classification,,,
2,1,Decision Tree,0.02353810000931844,0.9649122807017544,0.9658276125095346,0.9649122807017544,0.965060378218273,breast_cancer,classification,,,
2,1,Random Forest,0.30067789999884553,0.9824561403508771,0.9824561403508771,0.9824561403508771,0.9824561403508771,breast_cancer,classification,,,
2,1,Gradient Boosting,0.09948289999738336,0.9473684210526315,0.9474739303990012,0.9473684210526315,0.947107351712615,breast_cancer,classification,,,
2,2,Logistic Regression,0.020410000026458874,0.9912280701754386,0.991349902534113,0.9912280701754386,0.991207141671538,breast_cancer,classification,,,
2,2,Decision Tree,0.019507999997586012,0.9473684210526315,0.9474739303990012,0.9473684210526315,0.947107351712615,breast_cancer,classification,,,
2,2,Random Forest,0.2986226000066381,0.9473684210526315,0.9474739303990012,0.9473684210526315,0.947107351712615,breast_cancer,classification,,,
2,2,Gradient Boosting,0.10349209999549203,0.9473684210526315,0.9474739303990012,0.9473684210526315,0.947107351712615,breast_cancer,classification,,,
2,3,Logistic Regression,0.022900199983268976,0.9736842105263158,0.9737105878629081,0.9736842105263158,0.9736164257756981,breast_cancer,classification,,,
2,3,Decision Tree,0.022894699999596924,0.9385964912280702,0.9390418397779577,0.9385964912280702,0.9387429907553746,breast_cancer,classification,,,
2,3,Random Forest,0.29641030001221225,0.9649122807017544,0.9649122807017544,0.9649122807017544,0.9649122807017544,breast_cancer,classification,,,
2,3,Gradient Boosting,0.09966730000451207,0.9473684210526315,0.9473684210526315,0.9473684210526315,0.9473684210526315,breast_cancer,classification,,,
2,4,Logistic Regression,0.028615000017452985,0.9736842105263158,0.9737105878629081,0.9736842105263158,0.9736164257756981,breast_cancer,classification,,,
2,4,Decision Tree,0.019221199996536598,0.9385964912280702,0.9390418397779577,0.9385964912280702,0.9387429907553746,breast_cancer,classification,,,
2,4,Random Forest,0.297623200021917,0.956140350877193,0.9568690958164642,0.956140350877193,0.9557756825927252,breast_cancer,classification,,,
2,4,Gradient Boosting,0.09957310001482256,0.9210526315789473,0.9211336032388665,0.9210526315789473,0.9203962286669054,breast_cancer,classification,,,
2,5,Logistic Regression,0.021151699998881668,0.9646017699115044,0.9648866529276274,0.9646017699115044,0.9644159052209991,breast_cancer,classification,,,
2,5,Decision Tree,0.02075270001660101,0.9026548672566371,0.9023131160515144,0.9026548672566371,0.9024088183913326,breast_cancer,classification,,,
2,5,Random Forest,0.3018334000080358,0.9203539823008849,0.9208773116161467,0.9203539823008849,0.920540055600474,breast_cancer,classification,,,
2,5,Gradient Boosting,0.10338839999167249,0.9380530973451328,0.9384970452474054,0.9380530973451328,0.9381978210225909,breast_cancer,classification,,,
3,1,Logistic Regression,0.020605800003977492,0.9824561403508771,0.9829367940398942,0.9824561403508771,0.9823691172375383,breast_cancer,classification,,,
3,1,Decision Tree,0.023010000004433095,0.9035087719298246,0.903366524419156,0.9035087719298246,0.9027631396730296,breast_cancer,classification,,,
3,1,Random Forest,0.3086738999991212,0.9122807017543859,0.9149039675355466,0.9122807017543859,0.9107693219535326,breast_cancer,classification,,,
3,1,Gradient Boosting,0.09749989997362718,0.9298245614035088,0.9308322087269456,0.9298245614035088,0.9290742727182139,breast_cancer,classification,,,
3,2,Logistic Regression,0.020272699999623,0.9824561403508771,0.9824561403508771,0.9824561403508771,0.9824561403508771,breast_cancer,classification,,,
3,2,Decision Tree,0.02453989998321049,0.9385964912280702,0.9390179995443153,0.9385964912280702,0.938731642017737,breast_cancer,classification,,,
3,2,Random Forest,0.31856780001544394,1.0,1.0,1.0,1.0,breast_cancer,classification,,,
3,2,Gradient Boosting,0.100464400020428,0.9736842105263158,0.9739576213260425,0.9736842105263158,0.9737421322933159,breast_cancer,classification,,,
3,3,Logistic Regression,0.021395099989604205,0.9824561403508771,0.9824561403508771,0.9824561403508771,0.9824561403508771,breast_cancer,classification,,,
3,3,Decision Tree,0.02100169999175705,0.9736842105263158,0.9754385964912281,0.9736842105263158,0.9738579758273159,breast_cancer,classification,,,
3,3,Random Forest,0.3038249000092037,1.0,1.0,1.0,1.0,breast_cancer,classification,,,
3,3,Gradient Boosting,0.09883550001541153,0.9824561403508771,0.9824561403508771,0.9824561403508771,0.9824561403508771,breast_cancer,classification,,,
3,4,Logistic Regression,0.021830500016221777,0.9824561403508771,0.9829302987197724,0.9824561403508771,0.9823623542652152,breast_cancer,classification,,,
3,4,Decision Tree,0.020147600007476285,0.9385964912280702,0.9390013495276655,0.9385964912280702,0.9380859556298152,breast_cancer,classification,,,
3,4,Random Forest,0.3008648999966681,0.9649122807017544,0.966759002770083,0.9649122807017544,0.9645092460881936,breast_cancer,classification,,,
3,4,Gradient Boosting,0.10860690000117756,0.9473684210526315,0.9487534626038782,0.9473684210526315,0.9467638691322903,breast_cancer,classification,,,
3,5,Logistic Regression,0.026171899982728064,0.9557522123893806,0.956506540577337,0.9557522123893806,0.9553905446490127,breast_cancer,classification,,,
3,5,Decision Tree,0.024264599982416257,0.9292035398230089,0.9304452761551646,0.9292035398230089,0.9295210654749654,breast_cancer,classification,,,
3,5,Random Forest,0.30041259998688474,0.9557522123893806,0.9577216727398924,0.9557522123893806,0.9560376111683129,breast_cancer,classification,,,
3,5,Gradient Boosting,0.09853550000116229,0.9203539823008849,0.9227225403435712,0.9203539823008849,0.920867700102963,breast_cancer,classification,,,
4,1,Logistic Regression,0.021328100003302097,0.9824561403508771,0.9824561403508771,0.9824561403508771,0.9824561403508771,breast_cancer,classification,,,
4,1,Decision Tree,0.021375600015744567,0.9385964912280702,0.938457254246728,0.9385964912280702,0.9384499917007656,breast_cancer,classification,,,
4,1,Random Forest,0.3058086000091862,0.956140350877193,0.9569049312470365,0.956140350877193,0.9558014271241044,breast_cancer,classification,,,
4,1,Gradient Boosting,0.09875559998909011,0.9385964912280702,0.939058795637743,0.9385964912280702,0.9381219979737462,breast_cancer,classification,,,
4,2,Logistic Regression,0.02087420001043938,0.9649122807017544,0.9652053622194477,0.9649122807017544,0.9647382344750765,breast_cancer,classification,,,
4,2,Decision Tree,0.019826300005661324,0.9210526315789473,0.9208263714842663,0.9210526315789473,0.9208642750438415,breast_cancer,classification,,,
4,2,Random Forest,0.32470420000026934,0.9473684210526315,0.9505774598452308,0.9473684210526315,0.9477752351894229,breast_cancer,classification,,,
4,2,Gradient Boosting,0.09839800000190735,0.9210526315789473,0.9261197501329079,0.9210526315789473,0.9217808699176352,breast_cancer,classification,,,
4,3,Logistic Regression,0.02163719999953173,0.9912280701754386,0.9913482335976929,0.9912280701754386,0.9912054752585661,breast_cancer,classification,,,
4,3,Decision Tree,0.021879300009459257,0.9473684210526315,0.9484620642515378,0.9473684210526315,0.9476097712345061,breast_cancer,classification,,,
4,3,Random Forest,0.2971131000085734,0.9649122807017544,0.9651849217638692,0.9649122807017544,0.9647247085304307,breast_cancer,classification,,,
4,3,Gradient Boosting,0.099393999989843,0.956140350877193,0.9560729421281235,0.956140350877193,0.9560273762928302,breast_cancer,classification,,,
4,4,Logistic Regression,0.02094990000477992,0.9824561403508771,0.9824561403508771,0.9824561403508771,0.9824561403508771,breast_cancer,classification,,,
4,4,Decision Tree,0.01930799998808652,0.9473684210526315,0.9474395448079658,0.9473684210526315,0.947087062795646,breast_cancer,classification,,,
4,4,Random Forest,0.3017124999896623,0.9736842105263158,0.9747368421052632,0.9736842105263158,0.9734654095556351,breast_cancer,classification,,,
4,4,Gradient Boosting,0.09828860001289286,0.9649122807017544,0.9651849217638692,0.9649122807017544,0.9647247085304307,breast_cancer,classification,,,
4,5,Logistic Regression,0.02235450001899153,0.9911504424778761,0.9912733529990166,0.9911504424778761,0.991128074399212,breast_cancer,classification,,,
4,5,Decision Tree,0.02100340000470169,0.9469026548672567,0.9469026548672567,0.9469026548672567,0.9469026548672567,breast_cancer,classification,,,
4,5,Random Forest,0.2963402000023052,0.9646017699115044,0.9655520188417456,0.9646017699115044,0.9647605327374827,breast_cancer,classification,,,
4,5,Gradient Boosting,0.10181699998793192,0.9646017699115044,0.9646017699115044,0.9646017699115044,0.9646017699115044,breast_cancer,classification,,,
5,1,Logistic Regression,0.022271199995884672,0.9912280701754386,0.991349902534113,0.9912280701754386,0.991207141671538,breast_cancer,classification,,,
5,1,Decision Tree,0.021073400013847277,0.8771929824561403,0.8769050832208728,0.8771929824561403,0.8758799772568742,breast_cancer,classification,,,
5,1,Random Forest,0.2955776999879163,0.9210526315789473,0.9256447743289848,0.9210526315789473,0.9194094317434909,breast_cancer,classification,,,
5,1,Gradient Boosting,0.09987499998533167,0.9122807017543859,0.9149039675355466,0.9122807017543859,0.9107693219535326,breast_cancer,classification,,,
5,2,Logistic Regression,0.02069780000601895,0.9736842105263158,0.9737190197716513,0.9736842105263158,0.973621425014614,breast_cancer,classification,,,
5,2,Decision Tree,0.02002809999976307,0.9385964912280702,0.9390179995443153,0.9385964912280702,0.938731642017737,breast_cancer,classification,,,
5,2,Random Forest,0.3070057000149973,0.9649122807017544,0.9652053622194477,0.9649122807017544,0.9647382344750765,breast_cancer,classification,,,
5,2,Gradient Boosting,0.09891810000408441,0.9649122807017544,0.9652053622194477,0.9649122807017544,0.9647382344750765,breast_cancer,classification,,,
5,3,Logistic Regression,0.021700800018152222,0.956140350877193,0.9560729421281235,0.956140350877193,0.9560273762928302,breast_cancer,classification,,,
5,3,Decision Tree,0.02171160001307726,0.9473684210526315,0.9474395448079658,0.9473684210526315,0.947087062795646,breast_cancer,classification,,,
5,3,Random Forest,0.3028405999939423,0.9385964912280702,0.944037308461026,0.9385964912280702,0.9372286827846255,breast_cancer,classification,,,
5,3,Gradient Boosting,0.0999741000123322,0.9298245614035088,0.9330859199280251,0.9298245614035088,0.9285290148448043,breast_cancer,classification,,,
5,4,Logistic Regression,0.021399599994765595,0.9824561403508771,0.9829302987197724,0.9824561403508771,0.9823623542652152,breast_cancer,classification,,,
5,4,Decision Tree,0.019828899996355176,0.956140350877193,0.9565052493664558,0.956140350877193,0.9562449933966962,breast_cancer,classification,,,
5,4,Random Forest,0.2999067999771796,0.9210526315789473,0.9262756764887768,0.9210526315789473,0.9218503375891834,breast_cancer,classification,,,
5,4,Gradient Boosting,0.10076689999550581,0.9385964912280702,0.9407576913297737,0.9385964912280702,0.9390019435970705,breast_cancer,classification,,,
5,5,Logistic Regression,0.023575700004585087,0.9911504424778761,0.9912733529990166,0.9911504424778761,0.991128074399212,breast_cancer,classification,,,
5,5,Decision Tree,0.022800800012191758,0.9203539823008849,0.9208773116161467,0.9203539823008849,0.920540055600474,breast_cancer,classification,,,
5,5,Random Forest,0.3111320000025444,0.9823008849557522,0.9831053901850362,0.9823008849557522,0.9823802663687414,breast_cancer,classification,,,
5,5,Gradient Boosting,0.09807269999873824,0.9646017699115044,0.9646017699115044,0.9646017699115044,0.9646017699115044,breast_cancer,classification,,,
1,1,Logistic Regression,0.017790700017940253,0.9722222222222222,0.9747474747474748,0.9722222222222222,0.9723691945914168,wine,classification,,,
1,1,Decision Tree,0.01068969999323599,0.8888888888888888,0.8935185185185185,0.8888888888888888,0.8871406371406372,wine,classification,,,
1,1,Random Forest,0.22516480000922456,0.9722222222222222,0.9747474747474748,0.9722222222222222,0.9723691945914168,wine,classification,,,
1,1,Gradient Boosting,0.08933190000243485,0.9444444444444444,0.949106449106449,0.9444444444444444,0.9435246235246235,wine,classification,,,
1,2,Logistic Regression,0.019093900016741827,0.9722222222222222,0.9747474747474748,0.9722222222222222,0.9723691945914168,wine,classification,,,
1,2,Decision Tree,0.010858499997993931,0.8888888888888888,0.8879392212725546,0.8888888888888888,0.8872514619883041,wine,classification,,,
1,2,Random Forest,0.22377049998613074,1.0,1.0,1.0,1.0,wine,classification,,,
1,2,Gradient Boosting,0.08785299997543916,0.9444444444444444,0.9465811965811967,0.9444444444444444,0.9444855967078188,wine,classification,,,
1,3,Logistic Regression,0.018045000004349276,1.0,1.0,1.0,1.0,wine,classification,,,
1,3,Decision Tree,0.011408599995775148,0.9166666666666666,0.9358974358974359,0.9166666666666666,0.9171014492753622,wine,classification,,,
1,3,Random Forest,0.22299420001218095,0.9722222222222222,0.9747474747474748,0.9722222222222222,0.9723691945914168,wine,classification,,,
1,3,Gradient Boosting,0.08775360000436194,0.9722222222222222,0.9747474747474748,0.9722222222222222,0.9723691945914168,wine,classification,,,
1,4,Logistic Regression,0.020101700007217005,1.0,1.0,1.0,1.0,wine,classification,,,
1,4,Decision Tree,0.010195400012889877,0.8285714285714286,0.8371428571428572,0.8285714285714286,0.8290909090909091,wine,classification,,,
1,4,Random Forest,0.2257439999957569,0.9428571428571428,0.9428571428571428,0.9428571428571428,0.9428571428571428,wine,classification,,,
1,4,Gradient Boosting,0.08916939998744056,0.8857142857142857,0.8907142857142857,0.8857142857142857,0.8843290043290044,wine,classification,,,
1,5,Logistic Regression,0.021173200017074123,1.0,1.0,1.0,1.0,wine,classification,,,
1,5,Decision Tree,0.01563259999966249,0.9142857142857143,0.9207142857142857,0.9142857142857143,0.9135629396070821,wine,classification,,,
1,5,Random Forest,0.2290649999922607,1.0,1.0,1.0,1.0,wine,classification,,,
1,5,Gradient Boosting,0.08964120000018738,1.0,1.0,1.0,1.0,wine,classification,,,
2,1,Logistic Regression,0.020033800014061853,1.0,1.0,1.0,1.0,wine,classification,,,
2,1,Decision Tree,0.010703800013288856,0.9166666666666666,0.9166666666666666,0.9166666666666666,0.9166666666666666,wine,classification,,,
2,1,Random Forest,0.22216410000692122,1.0,1.0,1.0,1.0,wine,classification,,,
2,1,Gradient Boosting,0.08791059997747652,0.9444444444444444,0.9513888888888888,0.9444444444444444,0.9437710437710438,wine,classification,,,
2,2,Logistic Regression,0.018854199995985255,1.0,1.0,1.0,1.0,wine,classification,,,
2,2,Decision Tree,0.011789799988036975,0.8611111111111112,0.8867521367521367,0.8611111111111112,0.8601514679946052,wine,classification,,,
2,2,Random Forest,0.2532340999750886,0.9722222222222222,0.974074074074074,0.9722222222222222,0.972097284690988,wine,classification,,,
2,2,Gradient Boosting,0.08628000001772307,0.9444444444444444,0.9513888888888888,0.9444444444444444,0.9449614374099499,wine,classification,,,
2,3,Logistic Regression,0.018361900001764297,1.0,1.0,1.0,1.0,wine,classification,,,
2,3,Decision Tree,0.010253699991153553,0.9444444444444444,0.9444444444444444,0.9444444444444444,0.9444444444444444,wine,classification,,,
2,3,Random Forest,0.22275480002281256,1.0,1.0,1.0,1.0,wine,classification,,,
2,3,Gradient Boosting,0.08690399999613874,0.9444444444444444,0.946969696969697,0.9444444444444444,0.9445019553715207,wine,classification,,,
2,4,Logistic Regression,0.021648299996741116,0.9714285714285714,0.9742857142857143,0.9714285714285714,0.971651350598719,wine,classification,,,
2,4,Decision Tree,0.010797399998409674,0.8571428571428571,0.8671328671328672,0.8571428571428571,0.8548571428571428,wine,classification,,,
2,4,Random Forest,0.2224368000170216,0.9428571428571428,0.9479120879120878,0.9428571428571428,0.9419826489300174,wine,classification,,,
2,4,Gradient Boosting,0.08994889998575673,0.9142857142857143,0.9268731268731268,0.9142857142857143,0.9125714285714285,wine,classification,,,
2,5,Logistic Regression,0.019402099977014586,0.9428571428571428,0.9532467532467533,0.9428571428571428,0.9436734693877552,wine,classification,,,
2,5,Decision Tree,0.010914200014667585,0.9142857142857143,0.9226345083487942,0.9142857142857143,0.9149847525216984,wine,classification,,,
2,5,Random Forest,0.22065289999591187,0.9714285714285714,0.9742857142857143,0.9714285714285714,0.9716878402903812,wine,classification,,,
2,5,Gradient Boosting,0.08703799999784678,0.9428571428571428,0.948095238095238,0.9428571428571428,0.9421893242422827,wine,classification,,,
3,1,Logistic Regression,0.019896999991033226,0.9722222222222222,0.9747474747474748,0.9722222222222222,0.9723691945914168,wine,classification,,,
3,1,Decision Tree,0.010467699990840629,0.9444444444444444,0.9513888888888888,0.9444444444444444,0.9432098765432099,wine,classification,,,
3,1,Random Forest,0.22488649998558685,1.0,1.0,1.0,1.0,wine,classification,,,
3,1,Gradient Boosting,0.08924359999946319,1.0,1.0,1.0,1.0,wine,classification,,,
3,2,Logistic Regression,0.018632999999681488,1.0,1.0,1.0,1.0,wine,classification,,,
3,2,Decision Tree,0.01085880000027828,0.8888888888888888,0.8877849002849003,0.8888888888888888,0.8847083865474671,wine,classification,,,
3,2,Random Forest,0.2375447000085842,0.8888888888888888,0.8937499999999999,0.8888888888888888,0.8875420875420876,wine,classification,,,
3,2,Gradient Boosting,0.08854910000809468,0.9166666666666666,0.9178451178451178,0.9166666666666666,0.9162918540729635,wine,classification,,,
3,3,Logistic Regression,0.02037520002340898,1.0,1.0,1.0,1.0,wine,classification,,,
3,3,Decision Tree,0.01065710000693798,0.9444444444444444,0.9465811965811967,0.9444444444444444,0.944269005847953,wine,classification,,,
3,3,Random Forest,0.22253979998640716,1.0,1.0,1.0,1.0,wine,classification,,,
3,3,Gradient Boosting,0.08782340001198463,0.9722222222222222,0.9747474747474748,0.9722222222222222,0.9723691945914168,wine,classification,,,
3,4,Logistic Regression,0.019527199998265132,1.0,1.0,1.0,1.0,wine,classification,,,
3,4,Decision Tree,0.012244600016856566,0.8571428571428571,0.8715966386554622,0.8571428571428571,0.8580201582099115,wine,classification,,,
3,4,Random Forest,0.22335620000376366,1.0,1.0,1.0,1.0,wine,classification,,,
3,4,Gradient Boosting,0.09035079999011941,0.9714285714285714,0.9733333333333333,0.9714285714285714,0.9713000642535876,wine,classification,,,
3,5,Logistic Regression,0.018350900005316362,0.9714285714285714,0.9742857142857143,0.9714285714285714,0.9716878402903812,wine,classification,,,
3,5,Decision Tree,0.011148199992021546,0.9142857142857143,0.927056277056277,0.9142857142857143,0.9130020703933748,wine,classification,,,
3,5,Random Forest,0.2212242999812588,0.9428571428571428,0.9532467532467533,0.9428571428571428,0.9436734693877552,wine,classification,,,
3,5,Gradient Boosting,0.08586539997486398,0.9428571428571428,0.9532467532467533,0.9428571428571428,0.9436734693877552,wine,classification,,,
4,1,Logistic Regression,0.01824880001368001,0.9722222222222222,0.9747474747474748,0.9722222222222222,0.9723691945914168,wine,classification,,,
4,1,Decision Tree,0.011767699994379655,0.9166666666666666,0.9246031746031745,0.9166666666666666,0.9166666666666666,wine,classification,,,
4,1,Random Forest,0.24205390000133775,0.9722222222222222,0.9747474747474748,0.9722222222222222,0.9723691945914168,wine,classification,,,
4,1,Gradient Boosting,0.08697659999597818,0.9444444444444444,0.9465811965811967,0.9444444444444444,0.9444855967078188,wine,classification,,,
4,2,Logistic Regression,0.018359500012593344,0.9722222222222222,0.974074074074074,0.9722222222222222,0.972097284690988,wine,classification,,,
4,2,Decision Tree,0.010636999999405816,0.8333333333333334,0.8619281045751634,0.8333333333333334,0.8241412426471848,wine,classification,,,
4,2,Random Forest,0.21950450001168065,0.9444444444444444,0.9513888888888888,0.9444444444444444,0.9437710437710438,wine,classification,,,
4,2,Gradient Boosting,0.08783699999912642,0.8611111111111112,0.8976608187134504,0.8611111111111112,0.853358142831827,wine,classification,,,
4,3,Logistic Regression,0.019266100018285215,1.0,1.0,1.0,1.0,wine,classification,,,
4,3,Decision Tree,0.010794599977089092,0.9166666666666666,0.9172839506172841,0.9166666666666666,0.9159104658197218,wine,classification,,,
4,3,Random Forest,0.2389270999992732,1.0,1.0,1.0,1.0,wine,classification,,,
4,3,Gradient Boosting,0.08582330000353977,0.9722222222222222,0.9747474747474748,0.9722222222222222,0.9723691945914168,wine,classification,,,
4,4,Logistic Regression,0.018402800022158772,1.0,1.0,1.0,1.0,wine,classification,,,
4,4,Decision Tree,0.010634800011757761,0.9428571428571428,0.9450549450549451,0.9428571428571428,0.9425882352941177,wine,classification,,,
4,4,Random Forest,0.22054300000309013,1.0,1.0,1.0,1.0,wine,classification,,,
4,4,Gradient Boosting,0.0861113999853842,0.9714285714285714,0.9742857142857143,0.9714285714285714,0.971651350598719,wine,classification,,,
4,5,Logistic Regression,0.01932160000433214,0.9428571428571428,0.9532467532467533,0.9428571428571428,0.9436734693877552,wine,classification,,,
4,5,Decision Tree,0.010785799997393042,0.7428571428571429,0.7533333333333333,0.7428571428571429,0.7296934644303066,wine,classification,,,
4,5,Random Forest,0.22297190001700073,0.9428571428571428,0.948095238095238,0.9428571428571428,0.9421893242422827,wine,classification,,,
4,5,Gradient Boosting,0.08852230000775307,0.9142857142857143,0.9259340659340659,0.9142857142857143,0.9126566416040099,wine,classification,,,
5,1,Logistic Regression,0.01909499999601394,1.0,1.0,1.0,1.0,wine,classification,,,
5,1,Decision Tree,0.012266700010513887,0.9166666666666666,0.9203703703703704,0.9166666666666666,0.9174995835415625,wine,classification,,,
5,1,Random Forest,0.2251844999846071,0.9722222222222222,0.9747474747474748,0.9722222222222222,0.9723691945914168,wine,classification,,,
5,1,Gradient Boosting,0.08928929999819957,0.8333333333333334,0.8410493827160495,0.8333333333333334,0.8346300533943556,wine,classification,,,
5,2,Logistic Regression,0.017728399980114773,0.9444444444444444,0.949106449106449,0.9444444444444444,0.9435246235246235,wine,classification,,,
5,2,Decision Tree,0.010747199994511902,0.8888888888888888,0.8888888888888888,0.8888888888888888,0.8888888888888888,wine,classification,,,
5,2,Random Forest,0.22304469998925924,0.9722222222222222,0.9747474747474748,0.9722222222222222,0.9723691945914168,wine,classification,,,
5,2,Gradient Boosting,0.08790489999228157,0.9166666666666666,0.9172839506172841,0.9166666666666666,0.9159104658197218,wine,classification,,,
5,3,Logistic Regression,0.018627400015247986,1.0,1.0,1.0,1.0,wine,classification,,,
5,3,Decision Tree,0.011082399985753,0.9444444444444444,0.9513888888888888,0.9444444444444444,0.9449614374099499,wine,classification,,,
5,3,Random Forest,0.22429710000869818,1.0,1.0,1.0,1.0,wine,classification,,,
5,3,Gradient Boosting,0.08889600000111386,1.0,1.0,1.0,1.0,wine,classification,,,
5,4,Logistic Regression,0.019007900002179667,1.0,1.0,1.0,1.0,wine,classification,,,
5,4,Decision Tree,0.011744099989300594,0.8571428571428571,0.8747135217723453,0.8571428571428571,0.8586205169304749,wine,classification,,,
5,4,Random Forest,0.22942369998781942,1.0,1.0,1.0,1.0,wine,classification,,,
5,4,Gradient Boosting,0.0878468000155408,0.9142857142857143,0.9188775510204081,0.9142857142857143,0.9134334075510545,wine,classification,,,
5,5,Logistic Regression,0.018560800002887845,0.9714285714285714,0.9738095238095237,0.9714285714285714,0.9715570786035554,wine,classification,,,
5,5,Decision Tree,0.012097999977413565,0.8285714285714286,0.832967032967033,0.8285714285714286,0.8272108843537415,wine,classification,,,
5,5,Random Forest,0.22352900000987574,0.9714285714285714,0.9738095238095237,0.9714285714285714,0.9715570786035554,wine,classification,,,
5,5,Gradient Boosting,0.08812099997885525,0.8571428571428571,0.8662480376766091,0.8571428571428571,0.8586013715831159,wine,classification,,,
1,1,Logistic Regression,0.017245600000023842,1.0,1.0,1.0,1.0,iris_classification,classification,,,
1,1,Decision Tree,0.011687499994877726,1.0,1.0,1.0,1.0,iris_classification,classification,,,
1,1,Random Forest,0.21177590001025237,0.9666666666666667,0.9696969696969696,0.9666666666666667,0.9665831244778613,iris_classification,classification,,,
1,1,Gradient Boosting,0.06778959999792278,1.0,1.0,1.0,1.0,iris_classification,classification,,,
1,2,Logistic Regression,0.02063289997749962,0.9666666666666667,0.9696969696969696,0.9666666666666667,0.9665831244778613,iris_classification,classification,,,
1,2,Decision Tree,0.014480599988019094,0.9666666666666667,0.9696969696969696,0.9666666666666667,0.9665831244778613,iris_classification,classification,,,
1,2,Random Forest,0.22821099997963756,0.9666666666666667,0.9696969696969696,0.9666666666666667,0.9665831244778613,iris_classification,classification,,,
1,2,Gradient Boosting,0.06716949999099597,0.9666666666666667,0.9696969696969696,0.9666666666666667,0.9665831244778613,iris_classification,classification,,,
1,3,Logistic Regression,0.020534300012513995,0.9,0.9023569023569025,0.9,0.8997493734335839,iris_classification,classification,,,
1,3,Decision Tree,0.011252500000409782,0.9333333333333333,0.9444444444444445,0.9333333333333333,0.9326599326599326,iris_classification,classification,,,
1,3,Random Forest,0.22987459998694248,0.9333333333333333,0.9444444444444445,0.9333333333333333,0.9326599326599326,iris_classification,classification,,,
1,3,Gradient Boosting,0.0745730999915395,0.9333333333333333,0.9444444444444445,0.9333333333333333,0.9326599326599326,iris_classification,classification,,,
1,4,Logistic Regression,0.019017200014786795,1.0,1.0,1.0,1.0,iris_classification,classification,,,
1,4,Decision Tree,0.010203099984209985,0.9666666666666667,0.9696969696969696,0.9666666666666667,0.9665831244778613,iris_classification,classification,,,
1,4,Random Forest,0.22435240002232604,0.9666666666666667,0.9696969696969696,0.9666666666666667,0.9665831244778613,iris_classification,classification,,,
1,4,Gradient Boosting,0.07218200000352226,1.0,1.0,1.0,1.0,iris_classification,classification,,,
1,5,Logistic Regression,0.019207999983336776,0.9,0.9023569023569024,0.9,0.8997493734335839,iris_classification,classification,,,
1,5,Decision Tree,0.009811600000830367,0.9,0.9023569023569024,0.9,0.8997493734335839,iris_classification,classification,,,
1,5,Random Forest,0.22139180000522174,0.9,0.9023569023569024,0.9,0.8997493734335839,iris_classification,classification,,,
1,5,Gradient Boosting,0.07227019997662865,0.9333333333333333,0.9333333333333333,0.9333333333333333,0.9333333333333333,iris_classification,classification,,,
2,1,Logistic Regression,0.019516000000294298,0.9666666666666667,0.9696969696969696,0.9666666666666667,0.9665831244778613,iris_classification,classification,,,
2,1,Decision Tree,0.010467899992363527,0.9333333333333333,0.9444444444444445,0.9333333333333333,0.9326599326599326,iris_classification,classification,,,
2,1,Random Forest,0.21183359998394735,0.9666666666666667,0.9696969696969696,0.9666666666666667,0.9665831244778613,iris_classification,classification,,,
2,1,Gradient Boosting,0.06940799998119473,0.9666666666666667,0.9696969696969696,0.9666666666666667,0.9665831244778613,iris_classification,classification,,,
2,2,Logistic Regression,0.017550799995660782,0.9333333333333333,0.9444444444444445,0.9333333333333333,0.9326599326599326,iris_classification,classification,,,
2,2,Decision Tree,0.009945500001776963,0.9666666666666667,0.9696969696969696,0.9666666666666667,0.9665831244778613,iris_classification,classification,,,
2,2,Random Forest,0.21192729999893345,0.9666666666666667,0.9696969696969696,0.9666666666666667,0.9665831244778613,iris_classification,classification,,,
2,2,Gradient Boosting,0.06702399998903275,0.9666666666666667,0.9696969696969696,0.9666666666666667,0.9665831244778613,iris_classification,classification,,,
2,3,Logistic Regression,0.019787700002780184,0.9,0.9023569023569024,0.9,0.8997493734335839,iris_classification,classification,,,
2,3,Decision Tree,0.0172415999986697,0.8333333333333334,0.8350168350168351,0.8333333333333334,0.8329156223893065,iris_classification,classification,,,
2,3,Random Forest,0.26585009999689646,0.9,0.9023569023569024,0.9,0.8997493734335839,iris_classification,classification,,,
2,3,Gradient Boosting,0.06704339999123476,0.9,0.9023569023569024,0.9,0.8997493734335839,iris_classification,classification,,,
2,4,Logistic Regression,0.01912460001767613,1.0,1.0,1.0,1.0,iris_classification,classification,,,
2,4,Decision Tree,0.010077099985210225,0.9666666666666667,0.9696969696969696,0.9666666666666667,0.9665831244778613,iris_classification,classification,,,
2,4,Random Forest,0.2217172000091523,1.0,1.0,1.0,1.0,iris_classification,classification,,,
2,4,Gradient Boosting,0.0676714000001084,1.0,1.0,1.0,1.0,iris_classification,classification,,,
2,5,Logistic Regression,0.018428599985782057,0.9666666666666667,0.9696969696969696,0.9666666666666667,0.9665831244778613,iris_classification,classification,,,
2,5,Decision Tree,0.010145100008230656,0.9666666666666667,0.9696969696969696,0.9666666666666667,0.9665831244778613,iris_classification,classification,,,
2,5,Random Forest,0.21691540000028908,0.9666666666666667,0.9696969696969696,0.9666666666666667,0.9665831244778613,iris_classification,classification,,,
2,5,Gradient Boosting,0.06820239999797195,0.9666666666666667,0.9696969696969696,0.9666666666666667,0.9665831244778613,iris_classification,classification,,,
3,1,Logistic Regression,0.019138699979521334,0.9,0.9023569023569025,0.9,0.8997493734335839,iris_classification,classification,,,
3,1,Decision Tree,0.009435299987671897,0.9,0.9023569023569025,0.9,0.8997493734335839,iris_classification,classification,,,
3,1,Random Forest,0.21106259999214672,0.9,0.9023569023569025,0.9,0.8997493734335839,iris_classification,classification,,,
3,1,Gradient Boosting,0.06870690002688207,0.9,0.9023569023569025,0.9,0.8997493734335839,iris_classification,classification,,,
3,2,Logistic Regression,0.019192000007024035,0.9666666666666667,0.9696969696969696,0.9666666666666667,0.9665831244778613,iris_classification,classification,,,
3,2,Decision Tree,0.009620400000130758,0.9666666666666667,0.9696969696969696,0.9666666666666667,0.9665831244778613,iris_classification,classification,,,
3,2,Random Forest,0.21715000001131557,0.9666666666666667,0.9696969696969696,0.9666666666666667,0.9665831244778613,iris_classification,classification,,,
3,2,Gradient Boosting,0.06738349999068305,0.9666666666666667,0.9696969696969696,0.9666666666666667,0.9665831244778613,iris_classification,classification,,,
3,3,Logistic Regression,0.0187926999933552,0.9666666666666667,0.9696969696969696,0.9666666666666667,0.9665831244778613,iris_classification,classification,,,
3,3,Decision Tree,0.009556899982271716,1.0,1.0,1.0,1.0,iris_classification,classification,,,
3,3,Random Forest,0.22321920000831597,1.0,1.0,1.0,1.0,iris_classification,classification,,,
3,3,Gradient Boosting,0.0691641999874264,1.0,1.0,1.0,1.0,iris_classification,classification,,,
3,4,Logistic Regression,0.01740170002449304,0.9666666666666667,0.9696969696969696,0.9666666666666667,0.9665831244778613,iris_classification,classification,,,
3,4,Decision Tree,0.010080400010338053,0.9666666666666667,0.9696969696969696,0.9666666666666667,0.9665831244778613,iris_classification,classification,,,
3,4,Random Forest,0.21767670000554062,0.9666666666666667,0.9696969696969696,0.9666666666666667,0.9665831244778613,iris_classification,classification,,,
3,4,Gradient Boosting,0.0692261999938637,0.9666666666666667,0.9696969696969696,0.9666666666666667,0.9665831244778613,iris_classification,classification,,,
3,5,Logistic Regression,0.01788739999756217,0.9666666666666667,0.9696969696969696,0.9666666666666667,0.9665831244778613,iris_classification,classification,,,
3,5,Decision Tree,0.010151399997994304,0.9666666666666667,0.9696969696969696,0.9666666666666667,0.9665831244778613,iris_classification,classification,,,
3,5,Random Forest,0.21471369999926537,0.9666666666666667,0.9696969696969696,0.9666666666666667,0.9665831244778613,iris_classification,classification,,,
3,5,Gradient Boosting,0.0685469999734778,0.9666666666666667,0.9696969696969696,0.9666666666666667,0.9665831244778613,iris_classification,classification,,,
4,1,Logistic Regression,0.01836300001014024,0.9,0.9023569023569024,0.9,0.8997493734335839,iris_classification,classification,,,
4,1,Decision Tree,0.00990170001750812,0.9,0.9023569023569024,0.9,0.8997493734335839,iris_classification,classification,,,
4,1,Random Forest,0.2179811000241898,0.9,0.9023569023569024,0.9,0.8997493734335839,iris_classification,classification,,,
4,1,Gradient Boosting,0.06981750001432374,0.9,0.9023569023569024,0.9,0.8997493734335839,iris_classification,classification,,,
4,2,Logistic Regression,0.019130699976813048,1.0,1.0,1.0,1.0,iris_classification,classification,,,
4,2,Decision Tree,0.009909599990351126,0.9,0.9023569023569024,0.9,0.8997493734335839,iris_classification,classification,,,
4,2,Random Forest,0.21475280000595376,0.9666666666666667,0.9696969696969696,0.9666666666666667,0.9665831244778613,iris_classification,classification,,,
4,2,Gradient Boosting,0.06580440001562238,0.9333333333333333,0.9444444444444445,0.9333333333333333,0.9326599326599326,iris_classification,classification,,,
4,3,Logistic Regression,0.019084900006419048,1.0,1.0,1.0,1.0,iris_classification,classification,,,
4,3,Decision Tree,0.010102400003233925,1.0,1.0,1.0,1.0,iris_classification,classification,,,
4,3,Random Forest,0.21106249999138527,1.0,1.0,1.0,1.0,iris_classification,classification,,,
4,3,Gradient Boosting,0.067126299982192,1.0,1.0,1.0,1.0,iris_classification,classification,,,
4,4,Logistic Regression,0.017489299993030727,0.9,0.9023569023569025,0.9,0.8997493734335839,iris_classification,classification,,,
4,4,Decision Tree,0.009646099992096424,0.9333333333333333,0.9444444444444445,0.9333333333333333,0.9326599326599326,iris_classification,classification,,,
4,4,Random Forest,0.22099270002217963,0.9333333333333333,0.9444444444444445,0.9333333333333333,0.9326599326599326,iris_classification,classification,,,
4,4,Gradient Boosting,0.07029790000524372,0.9333333333333333,0.9444444444444445,0.9333333333333333,0.9326599326599326,iris_classification,classification,,,
4,5,Logistic Regression,0.018506199994590133,0.9666666666666667,0.9696969696969696,0.9666666666666667,0.9665831244778613,iris_classification,classification,,,
4,5,Decision Tree,0.010081800020998344,0.9,0.9023569023569024,0.9,0.8997493734335839,iris_classification,classification,,,
4,5,Random Forest,0.22188549998099916,0.9333333333333333,0.9333333333333333,0.9333333333333333,0.9333333333333333,iris_classification,classification,,,
4,5,Gradient Boosting,0.06738769999356009,0.9,0.9023569023569025,0.9,0.8997493734335839,iris_classification,classification,,,
5,1,Logistic Regression,0.0168724000104703,0.9,0.9023569023569024,0.9,0.8997493734335839,iris_classification,classification,,,
5,1,Decision Tree,0.009738100023241714,0.8666666666666667,0.8666666666666667,0.8666666666666667,0.8666666666666667,iris_classification,classification,,,
5,1,Random Forest,0.21519160000025295,0.9,0.9023569023569024,0.9,0.8997493734335839,iris_classification,classification,,,
5,1,Gradient Boosting,0.06752850001794286,0.9,0.9023569023569024,0.9,0.8997493734335839,iris_classification,classification,,,
5,2,Logistic Regression,0.01812279998557642,0.9333333333333333,0.9333333333333333,0.9333333333333333,0.9333333333333333,iris_classification,classification,,,
5,2,Decision Tree,0.009711100021377206,0.9333333333333333,0.9333333333333333,0.9333333333333333,0.9333333333333333,iris_classification,classification,,,
5,2,Random Forest,0.22239180002361536,0.9333333333333333,0.9333333333333333,0.9333333333333333,0.9333333333333333,iris_classification,classification,,,
5,2,Gradient Boosting,0.07097410000278614,0.9333333333333333,0.9333333333333333,0.9333333333333333,0.9333333333333333,iris_classification,classification,,,
5,3,Logistic Regression,0.018989999982295558,0.9666666666666667,0.9696969696969696,0.9666666666666667,0.9665831244778613,iris_classification,classification,,,
5,3,Decision Tree,0.010115399985807016,0.9,0.9230769230769231,0.9,0.89769820971867,iris_classification,classification,,,
5,3,Random Forest,0.21778839998296462,0.9666666666666667,0.9696969696969696,0.9666666666666667,0.9665831244778613,iris_classification,classification,,,
5,3,Gradient Boosting,0.07275930000469089,0.9666666666666667,0.9696969696969696,0.9666666666666667,0.9665831244778613,iris_classification,classification,,,
5,4,Logistic Regression,0.018170100025599822,1.0,1.0,1.0,1.0,iris_classification,classification,,,
5,4,Decision Tree,0.01023339998209849,0.9666666666666667,0.9696969696969696,0.9666666666666667,0.9665831244778613,iris_classification,classification,,,
5,4,Random Forest,0.20909540000138804,1.0,1.0,1.0,1.0,iris_classification,classification,,,
5,4,Gradient Boosting,0.06825879999087192,1.0,1.0,1.0,1.0,iris_classification,classification,,,
5,5,Logistic Regression,0.020177400001557544,0.9666666666666667,0.9696969696969696,0.9666666666666667,0.9665831244778613,iris_classification,classification,,,
5,5,Decision Tree,0.01040240001748316,0.9333333333333333,0.9444444444444445,0.9333333333333333,0.9326599326599326,iris_classification,classification,,,
5,5,Random Forest,0.2159862999978941,0.9666666666666667,0.9696969696969696,0.9666666666666667,0.9665831244778613,iris_classification,classification,,,
5,5,Gradient Boosting,0.06735259998822585,0.9666666666666667,0.9696969696969696,0.9666666666666667,0.9665831244778613,iris_classification,classification,,,
1,1,Logistic Regression,0.06753040000330657,0.9694444444444444,0.9710060060060061,0.9694444444444444,0.9695257780167699,digits_classification,classification,,,
1,1,Decision Tree,0.043376200017519295,0.825,0.8315157304381442,0.825,0.825990970958758,digits_classification,classification,,,
1,1,Random Forest,0.5234390000114217,0.9833333333333333,0.9837128795462129,0.9833333333333333,0.9833697313255483,digits_classification,classification,,,
1,1,Gradient Boosting,1.484029900020687,0.8861111111111111,0.889394916754045,0.8861111111111111,0.8863035195012449,digits_classification,classification,,,
1,2,Logistic Regression,0.07106250000651926,0.9666666666666667,0.9675008520751553,0.9666666666666667,0.9665334723384116,digits_classification,classification,,,
1,2,Decision Tree,0.04821130001801066,0.8694444444444445,0.8742659519985103,0.8694444444444445,0.8703496864624742,digits_classification,classification,,,
1,2,Random Forest,0.5387174999923445,0.9777777777777777,0.9784872542225482,0.9777777777777777,0.9778036210113571,digits_classification,classification,,,
1,2,Gradient Boosting,1.474124500004109,0.9222222222222223,0.9279679488698208,0.9222222222222223,0.9221994773864692,digits_classification,classification,,,
1,3,Logistic Regression,0.07155010002315976,0.9777158774373259,0.9784273101614875,0.9777158774373259,0.9777059691049015,digits_classification,classification,,,
1,3,Decision Tree,0.04503360000671819,0.8328690807799443,0.8407727858229469,0.8328690807799443,0.8334009826766806,digits_classification,classification,,,
1,3,Random Forest,0.5429133999859914,0.9721448467966574,0.9730694509594231,0.9721448467966574,0.972082159958273,digits_classification,classification,,,
1,3,Gradient Boosting,1.4374991999939084,0.8941504178272981,0.8958431540604244,0.8941504178272981,0.8940503043460005,digits_classification,classification,,,
1,4,Logistic Regression,0.06774160001077689,0.9721448467966574,0.9726672381964862,0.9721448467966574,0.9720059299439954,digits_classification,classification,,,
1,4,Decision Tree,0.04815050002071075,0.8579387186629527,0.859784718227503,0.8579387186629527,0.8584164887471302,digits_classification,classification,,,
1,4,Random Forest,0.5452785999805201,0.9860724233983287,0.9865819887077767,0.9860724233983287,0.9859755662307523,digits_classification,classification,,,
1,4,Gradient Boosting,1.598857400007546,0.9108635097493036,0.9133980699140002,0.9108635097493036,0.9111262043313564,digits_classification,classification,,,
1,5,Logistic Regression,0.06817100002081133,0.9693593314763231,0.9701839355849032,0.9693593314763231,0.9693882020242687,digits_classification,classification,,,
1,5,Decision Tree,0.04374340001959354,0.8161559888579387,0.8237739855248166,0.8161559888579387,0.8157240180365888,digits_classification,classification,,,
1,5,Random Forest,0.5260759000084363,0.9665738161559888,0.967331325073419,0.9665738161559888,0.9662916346312735,digits_classification,classification,,,
1,5,Gradient Boosting,1.4257011000008788,0.8997214484679665,0.9056239483119706,0.8997214484679665,0.9012476801135045,digits_classification,classification,,,
2,1,Logistic Regression,0.07150150000234134,0.9805555555555555,0.980930930930931,0.9805555555555555,0.980548887829619,digits_classification,classification,,,
2,1,Decision Tree,0.04452649998711422,0.85,0.8546308718944293,0.85,0.850928133318358,digits_classification,classification,,,
2,1,Random Forest,0.5616057000006549,0.9805555555555555,0.9814218064218064,0.9805555555555555,0.9806199040674144,digits_classification,classification,,,
2,1,Gradient Boosting,1.527410200011218,0.9222222222222223,0.9248041784496893,0.9222222222222223,0.9225891304598842,digits_classification,classification,,,
2,2,Logistic Regression,0.0655253000149969,0.95,0.953576711386309,0.95,0.950755344504176,digits_classification,classification,,,
2,2,Decision Tree,0.04784839999047108,0.8277777777777777,0.829311995947577,0.8277777777777777,0.8279515518460144,digits_classification,classification,,,
2,2,Random Forest,0.5319256999937352,0.9833333333333333,0.9836357190523858,0.9833333333333333,0.9833708491435676,digits_classification,classification,,,
2,2,Gradient Boosting,1.4431111000012606,0.9,0.9043341551236288,0.9,0.9005238125527981,digits_classification,classification,,,
2,3,Logistic Regression,0.07164019998162985,0.9693593314763231,0.9704827743238533,0.9693593314763231,0.9695445077296327,digits_classification,classification,,,
2,3,Decision Tree,0.04585140000563115,0.871866295264624,0.8765211494719487,0.871866295264624,0.8724011870097877,digits_classification,classification,,,
2,3,Random Forest,0.533194400020875,0.9749303621169917,0.975518767558058,0.9749303621169917,0.97475168160562,digits_classification,classification,,,
2,3,Gradient Boosting,1.4372016999986954,0.8941504178272981,0.899449797436905,0.8941504178272981,0.894489317227262,digits_classification,classification,,,
2,4,Logistic Regression,0.07164480001665652,0.958217270194986,0.959353932649637,0.958217270194986,0.9580613832990049,digits_classification,classification,,,
2,4,Decision Tree,0.042792499996721745,0.8607242339832869,0.8691883809913962,0.8607242339832869,0.8614092725692438,digits_classification,classification,,,
2,4,Random Forest,0.5340119999891613,0.9693593314763231,0.9702954295475661,0.9693593314763231,0.9693416911283557,digits_classification,classification,,,
2,4,Gradient Boosting,1.4325837999931537,0.8885793871866295,0.893838588272992,0.8885793871866295,0.8879536699867233,digits_classification,classification,,,
2,5,Logistic Regression,0.06602420000126585,0.9721448467966574,0.9725846650051312,0.9721448467966574,0.9722556139936527,digits_classification,classification,,,
2,5,Decision Tree,0.043273799994494766,0.7994428969359332,0.7995344309934854,0.7994428969359332,0.7989290818001242,digits_classification,classification,,,
2,5,Random Forest,0.5325207999849226,0.9721448467966574,0.9733027595840967,0.9721448467966574,0.9721957741985221,digits_classification,classification,,,
2,5,Gradient Boosting,1.4332139000180177,0.883008356545961,0.8869164579729704,0.883008356545961,0.8829803311207929,digits_classification,classification,,,
3,1,Logistic Regression,0.07258169999113306,0.9722222222222222,0.9736416896943213,0.9722222222222222,0.9723551164851738,digits_classification,classification,,,
3,1,Decision Tree,0.04316339999786578,0.8333333333333334,0.8457456541865145,0.8333333333333334,0.8354154373207302,digits_classification,classification,,,
3,1,Random Forest,0.5939098999951966,0.975,0.9751416799004519,0.975,0.9747971635872634,digits_classification,classification,,,
3,1,Gradient Boosting,1.4462841000058688,0.8805555555555555,0.885697248842873,0.8805555555555555,0.8812791960709904,digits_classification,classification,,,
3,2,Logistic Regression,0.07309109999914654,0.9638888888888889,0.9668799505974609,0.9638888888888889,0.9642942711024086,digits_classification,classification,,,
3,2,Decision Tree,0.04602429998340085,0.8611111111111112,0.8650972278122816,0.8611111111111112,0.8618603699574994,digits_classification,classification,,,
3,2,Random Forest,0.538329100003466,0.9666666666666667,0.9673417433866351,0.9666666666666667,0.9665288754588304,digits_classification,classification,,,
3,2,Gradient Boosting,1.441663100005826,0.9083333333333333,0.9132026395059339,0.9083333333333333,0.908184461995336,digits_classification,classification,,,
3,3,Logistic Regression,0.06910930000594817,0.9777158774373259,0.9790767840907116,0.9777158774373259,0.9778082307100142,digits_classification,classification,,,
3,3,Decision Tree,0.04389259999152273,0.8440111420612814,0.8499647858979336,0.8440111420612814,0.8442962858020585,digits_classification,classification,,,
3,3,Random Forest,0.5290028000017628,0.9749303621169917,0.975847650638737,0.9749303621169917,0.9749896150255112,digits_classification,classification,,,
3,3,Gradient Boosting,1.4384401999996044,0.9025069637883009,0.9076622866261037,0.9025069637883009,0.9032990513504116,digits_classification,classification,,,
3,4,Logistic Regression,0.0641794000111986,0.9721448467966574,0.973266371574365,0.9721448467966574,0.9720229693188374,digits_classification,classification,,,
3,4,Decision Tree,0.045888599997852,0.8245125348189415,0.8318058654716277,0.8245125348189415,0.8215387104260923,digits_classification,classification,,,
3,4,Random Forest,0.5261995999899227,0.9805013927576601,0.9810161555360206,0.9805013927576601,0.9804965384417867,digits_classification,classification,,,
3,4,Gradient Boosting,1.4293711000063922,0.8941504178272981,0.8977666195704931,0.8941504178272981,0.8940383154019982,digits_classification,classification,,,
3,5,Logistic Regression,0.06787229998735711,0.9749303621169917,0.9751538844853609,0.9749303621169917,0.974892771663283,digits_classification,classification,,,
3,5,Decision Tree,0.0461457000055816,0.8105849582172702,0.8181717060472562,0.8105849582172702,0.8121574357586574,digits_classification,classification,,,
3,5,Random Forest,0.5353477999742609,0.9916434540389972,0.9918674355340534,0.9916434540389972,0.9915986673220821,digits_classification,classification,,,
3,5,Gradient Boosting,1.4426133999950252,0.8607242339832869,0.862936151118334,0.8607242339832869,0.8597427373889709,digits_classification,classification,,,
4,1,Logistic Regression,0.06725990000995807,0.9694444444444444,0.9703505677189889,0.9694444444444444,0.9693038317466051,digits_classification,classification,,,
4,1,Decision Tree,0.04359510002541356,0.8138888888888889,0.8254907644682542,0.8138888888888889,0.816318076962135,digits_classification,classification,,,
4,1,Random Forest,0.5496070999943186,0.9805555555555555,0.9811443021969337,0.9805555555555555,0.9805435721606061,digits_classification,classification,,,
4,1,Gradient Boosting,1.444478200020967,0.8777777777777778,0.8825673746238263,0.8777777777777778,0.8775733531337648,digits_classification,classification,,,
4,2,Logistic Regression,0.06853710001450963,0.9833333333333333,0.9836336336336337,0.9833333333333333,0.9833295358145832,digits_classification,classification,,,
4,2,Decision Tree,0.04672680000658147,0.8777777777777778,0.8790889627228637,0.8777777777777778,0.8777925250864625,digits_classification,classification,,,
4,2,Random Forest,0.5329750000091735,0.9861111111111112,0.98655365892208,0.9861111111111112,0.986106285166675,digits_classification,classification,,,
4,2,Gradient Boosting,1.4566150000027847,0.9138888888888889,0.9167446459951205,0.9138888888888889,0.9141385497278322,digits_classification,classification,,,
4,3,Logistic Regression,0.07589659999939613,0.9693593314763231,0.9701961812356182,0.9693593314763231,0.969375431793003,digits_classification,classification,,,
4,3,Decision Tree,0.045336300012422726,0.8272980501392758,0.8428072385637451,0.8272980501392758,0.8313726108876948,digits_classification,classification,,,
4,3,Random Forest,0.5327629999956116,0.9693593314763231,0.9701734794463132,0.9693593314763231,0.969460377397188,digits_classification,classification,,,
4,3,Gradient Boosting,1.4486195999779738,0.9192200557103064,0.9217864301679538,0.9192200557103064,0.9186475634720046,digits_classification,classification,,,
4,4,Logistic Regression,0.06458860001293942,0.9610027855153204,0.9619103783449189,0.9610027855153204,0.9611940493578326,digits_classification,classification,,,
4,4,Decision Tree,0.044188300002133474,0.8272980501392758,0.8331668855154131,0.8272980501392758,0.826642151405808,digits_classification,classification,,,
4,4,Random Forest,0.5255657999950927,0.9777158774373259,0.9782412158530029,0.9777158774373259,0.9777529578253716,digits_classification,classification,,,
4,4,Gradient Boosting,1.4420986999757588,0.8913649025069638,0.8964054177115128,0.8913649025069638,0.891954898513878,digits_classification,classification,,,
4,5,Logistic Regression,0.06962170000770129,0.9637883008356546,0.9643528157805004,0.9637883008356546,0.9638479932894466,digits_classification,classification,,,
4,5,Decision Tree,0.04497690001153387,0.8551532033426184,0.8669718723061159,0.8551532033426184,0.8567889467985994,digits_classification,classification,,,
4,5,Random Forest,0.5486748999974225,0.9693593314763231,0.9709229644539716,0.9693593314763231,0.9688075182027178,digits_classification,classification,,,
4,5,Gradient Boosting,1.4704175000078976,0.8913649025069638,0.8961295699173663,0.8913649025069638,0.8910009936452524,digits_classification,classification,,,
5,1,Logistic Regression,0.07102350000059232,0.9777777777777777,0.9778927364864866,0.9777777777777777,0.9776000136304777,digits_classification,classification,,,
5,1,Decision Tree,0.045554000011179596,0.8583333333333333,0.864117961112743,0.8583333333333333,0.8595651764840279,digits_classification,classification,,,
5,1,Random Forest,0.5305843999958597,0.9861111111111112,0.9865516832622097,0.9861111111111112,0.9861029076028169,digits_classification,classification,,,
5,1,Gradient Boosting,1.4290697999822441,0.925,0.9266724948226495,0.925,0.9250556233558375,digits_classification,classification,,,
5,2,Logistic Regression,0.07378549998975359,0.9722222222222222,0.9724701199933399,0.9722222222222222,0.9720073116930734,digits_classification,classification,,,
5,2,Decision Tree,0.04292189999250695,0.8194444444444444,0.8226111339691969,0.8194444444444444,0.8188808786657186,digits_classification,classification,,,
5,2,Random Forest,0.5382312999863643,0.9555555555555556,0.9557437165249664,0.9555555555555556,0.9550272093332525,digits_classification,classification,,,
5,2,Gradient Boosting,1.4438350000127684,0.875,0.8770679440550316,0.875,0.8747329741070811,digits_classification,classification,,,
5,3,Logistic Regression,0.07006090000504628,0.9610027855153204,0.9624513783081184,0.9610027855153204,0.961227742179665,digits_classification,classification,,,
5,3,Decision Tree,0.04450179997365922,0.8384401114206128,0.8434671790004693,0.8384401114206128,0.836501673286632,digits_classification,classification,,,
5,3,Random Forest,0.5280157000233885,0.9721448467966574,0.9731097832915748,0.9721448467966574,0.9722727553627694,digits_classification,classification,,,
5,3,Gradient Boosting,1.433440499997232,0.8941504178272981,0.8984584569909303,0.8941504178272981,0.8933025115125524,digits_classification,classification,,,
5,4,Logistic Regression,0.0695562000037171,0.9749303621169917,0.975655874204474,0.9749303621169917,0.9749972719698566,digits_classification,classification,,,
5,4,Decision Tree,0.04308380000293255,0.8245125348189415,0.8380927089725477,0.8245125348189415,0.8257624467130568,digits_classification,classification,,,
5,4,Random Forest,0.5224560000060592,0.9721448467966574,0.9728914056578621,0.9721448467966574,0.9722206236575744,digits_classification,classification,,,
5,4,Gradient Boosting,1.442490200017346,0.8941504178272981,0.8993936609186676,0.8941504178272981,0.8942513075260882,digits_classification,classification,,,
5,5,Logistic Regression,0.06801310001173988,0.9665738161559888,0.967961472139745,0.9665738161559888,0.9666710012979557,digits_classification,classification,,,
5,5,Decision Tree,0.04375869999057613,0.8328690807799443,0.8440386263758105,0.8328690807799443,0.834442147023385,digits_classification,classification,,,
5,5,Random Forest,0.5252062000217848,0.9749303621169917,0.9760384012186405,0.9749303621169917,0.9749395989487966,digits_classification,classification,,,
5,5,Gradient Boosting,1.446191800001543,0.8885793871866295,0.8908014051161525,0.8885793871866295,0.8885805772571098,digits_classification,classification,,,
1,1,Linear Regression,0.010326199990231544,,,,,diabetes_regression,regression,42.79409467959995,53.85344583676594,0.45260276297191926
1,1,Decision Tree,0.0113343000120949,,,,,diabetes_regression,regression,48.72455831641678,61.82755781055031,0.2784942587030993
1,1,Random Forest,0.3682991999958176,,,,,diabetes_regression,regression,43.9591011235955,55.038236167681085,0.4282520425547328
1,1,Gradient Boosting,0.03731840002001263,,,,,diabetes_regression,regression,44.43887797084058,53.493382821356676,0.4598980660617348
1,2,Linear Regression,0.009774500009370968,,,,,diabetes_regression,regression,41.582602747061,51.600752016027975,0.5732001497272167
1,2,Decision Tree,0.012171600013971329,,,,,diabetes_regression,regression,62.40555160122245,78.58183462693117,0.010179317277729805
1,2,Random Forest,0.36528460000408813,,,,,diabetes_regression,regression,43.47898876404494,54.263373156228816,0.5280176364100992
1,2,Gradient Boosting,0.03545070000109263,,,,,diabetes_regression,regression,46.185128925342774,56.81345258999054,0.48261413294665967
1,3,Linear Regression,0.009988200006773695,,,,,diabetes_regression,regression,47.223311159572404,57.552635811361924,0.3914478512548887
1,3,Decision Tree,0.01187220000429079,,,,,diabetes_regression,regression,65.59879326225669,81.83142431690943,-0.23029025554174898
1,3,Random Forest,0.3668654999928549,,,,,diabetes_regression,regression,51.37886363636364,62.634061728714066,0.27924358663582727
1,3,Gradient Boosting,0.035218700009863824,,,,,diabetes_regression,regression,52.2781465806103,61.894665150856525,0.29616023600561214
1,4,Linear Regression,0.00977269999566488,,,,,diabetes_regression,regression,42.122355060340055,52.8950238921937,0.5842888825400094
1,4,Decision Tree,0.011693199980072677,,,,,diabetes_regression,regression,65.01276419658774,83.82009336621239,-0.04389852596093924
1,4,Random Forest,0.3639475000090897,,,,,diabetes_regression,regression,48.871818181818185,59.10132847299397,0.48101298753765165
1,4,Gradient Boosting,0.03676479999558069,,,,,diabetes_regression,regression,49.65985845292732,58.45632003167466,0.49227920922094215
1,5,Linear Regression,0.010136400000192225,,,,,diabetes_regression,regression,47.62636803032458,58.342846973148774,0.3908118647948904
1,5,Decision Tree,0.01294779998715967,,,,,diabetes_regression,regression,62.014139766752,79.41575403703503,-0.1287285974048442
1,5,Random Forest,0.36929929998586886,,,,,diabetes_regression,regression,45.77386363636364,56.421832069606786,0.4302680579975737
1,5,Gradient Boosting,0.035919299989473075,,,,,diabetes_regression,regression,49.152051723578346,58.5242571823788,0.3870175775324406
2,1,Linear Regression,0.009670900006312877,,,,,diabetes_regression,regression,41.02966715065322,50.54525883415824,0.6083610957824861
2,1,Decision Tree,0.012453400006052107,,,,,diabetes_regression,regression,55.48023472212529,69.97152374436635,0.2494707195577165
2,1,Random Forest,0.3675082999980077,,,,,diabetes_regression,regression,44.80483146067415,52.82434822284643,0.572246795769668
2,1,Gradient Boosting,0.036159500014036894,,,,,diabetes_regression,regression,45.189970614206295,54.54275877536993,0.5439639464819706
2,2,Linear Regression,0.009597199998097494,,,,,diabetes_regression,regression,45.40207853978878,58.27161880972886,0.4107431228353312
2,2,Decision Tree,0.011784500005887821,,,,,diabetes_regression,regression,56.8058632067059,72.45674038917402,0.08893769403505569
2,2,Random Forest,0.36157559999264777,,,,,diabetes_regression,regression,46.316516853932576,57.264440708548975,0.43093674933856385
2,2,Gradient Boosting,0.0360736999718938,,,,,diabetes_regression,regression,48.356452579191725,58.522771038084464,0.4056527509503126
2,3,Linear Regression,0.009879899997031316,,,,,diabetes_regression,regression,49.24464682115734,59.584241414401625,0.4135531634987848
2,3,Decision Tree,0.012504899990744889,,,,,diabetes_regression,regression,61.69602235145796,77.7359731352485,0.0018176231950312038
2,3,Random Forest,0.36659329998656176,,,,,diabetes_regression,regression,48.90829545454546,60.47595779804492,0.3958687107715281
2,3,Gradient Boosting,0.03734239999903366,,,,,diabetes_regression,regression,49.56392666396718,59.4356733304318,0.41647402507767084
2,4,Linear Regression,0.009986799996113405,,,,,diabetes_regression,regression,40.916606228286106,52.35181516523143,0.4472015188755416
2,4,Decision Tree,0.011986400000751019,,,,,diabetes_regression,regression,51.95438893988849,70.10374723827796,0.00874402510062211
2,4,Random Forest,0.3677640999958385,,,,,diabetes_regression,regression,40.58261363636363,52.86963500613389,0.43621180659552516
2,4,Gradient Boosting,0.03575729997828603,,,,,diabetes_regression,regression,44.72022674568366,53.71502552841052,0.4180376011379886
2,5,Linear Regression,0.009685500001069158,,,,,diabetes_regression,regression,45.04325169748421,53.539476244114375,0.5353666528325192
2,5,Decision Tree,0.012426400004187599,,,,,diabetes_regression,regression,60.09549343588341,77.64464693571628,0.022796129204012305
2,5,Random Forest,0.3625297000107821,,,,,diabetes_regression,regression,53.516818181818174,64.1504323481498,0.3329455050516087
2,5,Gradient Boosting,0.037021600001025945,,,,,diabetes_regression,regression,49.74776704149702,59.84992535032434,0.4193835103533744
3,1,Linear Regression,0.009809500013943762,,,,,diabetes_regression,regression,43.714179073263665,51.629491554484495,0.4814838500888644
3,1,Decision Tree,0.012580499984323978,,,,,diabetes_regression,regression,58.808125549268965,73.64187386258558,-0.054912049687228626
3,1,Random Forest,0.36312520000501536,,,,,diabetes_regression,regression,47.94112359550562,57.754580148156975,0.35115725424006017
3,1,Gradient Boosting,0.03616619997774251,,,,,diabetes_regression,regression,46.55145796922989,55.799145365421104,0.3943500498929222
3,2,Linear Regression,0.010376399994129315,,,,,diabetes_regression,regression,47.48533272989966,58.579305680551755,0.49557328014424706
3,2,Decision Tree,0.012999800004763529,,,,,diabetes_regression,regression,54.72255833508312,72.67305445827776,0.2236519405314139
3,2,Random Forest,0.36422220000531524,,,,,diabetes_regression,regression,47.00876404494382,58.39105795786032,0.4988100752954774
3,2,Gradient Boosting,0.036866200010990724,,,,,diabetes_regression,regression,49.630711230382076,58.280113149884194,0.5007128185182844
3,3,Linear Regression,0.010754599992651492,,,,,diabetes_regression,regression,44.16951460014308,55.074209192149866,0.5327591832360107
3,3,Decision Tree,0.012896800006274134,,,,,diabetes_regression,regression,59.435195882760816,79.50708856295734,0.026231019987531523
3,3,Random Forest,0.36937130001024343,,,,,diabetes_regression,regression,48.52136363636364,60.147908827852326,0.442704802894448
3,3,Gradient Boosting,0.03587120000156574,,,,,diabetes_regression,regression,47.583656380725785,56.834438621095956,0.5024148806398834
3,4,Linear Regression,0.010007400007452816,,,,,diabetes_regression,regression,45.88977467249941,57.80018419456754,0.35590209819739527
3,4,Decision Tree,0.01321000000461936,,,,,diabetes_regression,regression,70.69977543290044,87.02025630804489,-0.4599371363532254
3,4,Random Forest,0.36085430000093766,,,,,diabetes_regression,regression,48.79443181818181,58.22281619894699,0.3464484396236216
3,4,Gradient Boosting,0.03606670000590384,,,,,diabetes_regression,regression,48.09271800227475,58.56513906648892,0.3387406934223167
3,5,Linear Regression,0.009686100005637854,,,,,diabetes_regression,regression,43.005029369399274,52.80595884487764,0.5271295194436388
3,5,Decision Tree,0.012266500008990988,,,,,diabetes_regression,regression,65.20743351130706,85.85279266281576,-0.24992855888834975
3,5,Random Forest,0.36078770001768135,,,,,diabetes_regression,regression,48.77943181818182,60.69426816018132,0.3752997265358464
3,5,Gradient Boosting,0.035579799994593486,,,,,diabetes_regression,regression,46.632973466945856,56.52219770888635,0.45823066773776133
4,1,Linear Regression,0.009780599997611716,,,,,diabetes_regression,regression,48.2141389988123,58.25308098060844,0.4270038127035056
4,1,Decision Tree,0.012030200014123693,,,,,diabetes_regression,regression,61.24837378601424,79.10509115085694,-0.05662967349335091
4,1,Random Forest,0.35781640000641346,,,,,diabetes_regression,regression,48.95606741573034,59.92854118293392,0.39356906922756685
4,1,Gradient Boosting,0.03479579999111593,,,,,diabetes_regression,regression,49.222358145426455,57.89390810564158,0.43404791118640496
4,2,Linear Regression,0.009870100009720773,,,,,diabetes_regression,regression,40.97366213736482,51.15148489592492,0.5751951627952032
4,2,Decision Tree,0.011831299983896315,,,,,diabetes_regression,regression,60.12598320896461,74.46372465835807,0.09975136038277876
4,2,Random Forest,0.3598082000098657,,,,,diabetes_regression,regression,46.04179775280898,57.909650473625966,0.4555288788708053
4,2,Gradient Boosting,0.03488099999958649,,,,,diabetes_regression,regression,47.833554124106925,57.70214656950821,0.45942382438119755
4,3,Linear Regression,0.00959339999826625,,,,,diabetes_regression,regression,45.960526360015336,55.98522585686924,0.4225513039368267
4,3,Decision Tree,0.011575600015930831,,,,,diabetes_regression,regression,59.64002508854782,79.48203874482815,-0.1638701573154402
4,3,Random Forest,0.3635106000001542,,,,,diabetes_regression,regression,45.78068181818182,57.339014958086224,0.39428686508707333
4,3,Gradient Boosting,0.03717900000629015,,,,,diabetes_regression,regression,46.009500386660335,57.25924035015156,0.3959711254186794
4,4,Linear Regression,0.009667900012573227,,,,,diabetes_regression,regression,44.211748234957994,53.549240079420045,0.5695876185806735
4,4,Decision Tree,0.012104199995519593,,,,,diabetes_regression,regression,64.24351178712593,83.3319002110752,-0.04231911410189859
4,4,Random Forest,0.3651968000049237,,,,,diabetes_regression,regression,49.115340909090904,58.68455103927965,0.48307718045324965
4,4,Gradient Boosting,0.035052699997322634,,,,,diabetes_regression,regression,49.18774141645597,58.4459399397612,0.4872722458691693
4,5,Linear Regression,0.009359799994854257,,,,,diabetes_regression,regression,43.77769902417652,55.65781804880771,0.40657960345297994
4,5,Decision Tree,0.011822400003438815,,,,,diabetes_regression,regression,60.17026295076534,79.46222822166918,-0.20957163577433557
4,5,Random Forest,0.3617267000081483,,,,,diabetes_regression,regression,50.01897727272728,60.86139503562023,0.2904321630979112
4,5,Gradient Boosting,0.03678379999473691,,,,,diabetes_regression,regression,47.253857278639224,56.666039393258906,0.3848856845129113
5,1,Linear Regression,0.009633000008761883,,,,,diabetes_regression,regression,45.68240404581979,55.755109044224994,0.503228708260826
5,1,Decision Tree,0.01248239999404177,,,,,diabetes_regression,regression,54.01992164771411,72.53722580891663,0.15916838054165627
5,1,Random Forest,0.37073789999703877,,,,,diabetes_regression,regression,47.778988764044946,57.58249251135474,0.47013153828313203
5,1,Gradient Boosting,0.03677139998762868,,,,,diabetes_regression,regression,48.55816171259654,57.73231138349455,0.4673707141717679
5,2,Linear Regression,0.00971329997992143,,,,,diabetes_regression,regression,46.44770659984127,56.604250509377955,0.41936039543691894
5,2,Decision Tree,0.01714810001431033,,,,,diabetes_regression,regression,59.812721469248245,73.70373445364821,0.015563849900621984
5,2,Random Forest,0.37521790000027977,,,,,diabetes_regression,regression,48.95011235955056,59.3358427782251,0.3619675063965002
5,2,Gradient Boosting,0.03526189998956397,,,,,diabetes_regression,regression,50.09128563628156,59.65001245257971,0.3551931480682682
5,3,Linear Regression,0.00935929999104701,,,,,diabetes_regression,regression,45.11802618421589,55.41038005533021,0.5629796031588862
5,3,Decision Tree,0.01184110000031069,,,,,diabetes_regression,regression,52.92997863268208,68.87774660135783,0.32473022713579913
5,3,Random Forest,0.36785400001099333,,,,,diabetes_regression,regression,48.67011363636364,59.072697710302066,0.5033012601595852
5,3,Gradient Boosting,0.03817390001495369,,,,,diabetes_regression,regression,49.79922994502999,59.69597104392519,0.4927646749414325
5,4,Linear Regression,0.010792499990202487,,,,,diabetes_regression,regression,42.371892044194084,52.26779839773962,0.5047446204046656
5,4,Decision Tree,0.013359500007936731,,,,,diabetes_regression,regression,69.17178236480544,87.04223402297922,-0.3734752732521276
5,4,Random Forest,0.37313650001306087,,,,,diabetes_regression,regression,49.09909090909091,61.321897746089185,0.31830209349708394
5,4,Gradient Boosting,0.03522099999827333,,,,,diabetes_regression,regression,48.172491254115805,57.54162247370372,0.39975991675232936
5,5,Linear Regression,0.00979330000700429,,,,,diabetes_regression,regression,42.91359266870855,54.188283971581,0.41518479772872485
5,5,Decision Tree,0.012426000001141801,,,,,diabetes_regression,regression,56.42207526950174,68.12985322909365,0.075551410410862
5,5,Random Forest,0.36018680001143366,,,,,diabetes_regression,regression,43.780568181818175,56.25257556729777,0.3697792749883523
5,5,Gradient Boosting,0.035332499974174425,,,,,diabetes_regression,regression,43.221712083787594,54.209682299009,0.41472283299775337
1,1,Linear Regression,0.033095499995397404,,,,,synthetic_retail_sales,regression,3597.978694662063,4485.898312082617,0.5721707001123273
1,1,Decision Tree,0.035846499988110736,,,,,synthetic_retail_sales,regression,5046.99065221507,6180.31249635892,0.18793172440561035
1,1,Random Forest,0.3841248000098858,,,,,synthetic_retail_sales,regression,3835.3935666666666,4690.0839843775775,0.5323371048739756
1,1,Gradient Boosting,0.043920099997194484,,,,,synthetic_retail_sales,regression,3946.5997771493744,4965.9615208648065,0.47570179022947223
1,2,Linear Regression,0.02000310001312755,,,,,synthetic_retail_sales,regression,4018.685523850988,4921.128545507091,0.40708973808028626
1,2,Decision Tree,0.020843899983447045,,,,,synthetic_retail_sales,regression,5280.179152335213,6626.553764654583,-0.07506568563683547
1,2,Random Forest,0.35501150001073256,,,,,synthetic_retail_sales,regression,4279.101285833333,5339.45635494141,0.30200288114835727
1,2,Gradient Boosting,0.059555300016654655,,,,,synthetic_retail_sales,regression,4121.380041958715,5143.752643808619,0.35223168703897
1,3,Linear Regression,0.028263899992452934,,,,,synthetic_retail_sales,regression,3218.164593830637,4185.044410983207,0.5844731278237081
1,3,Decision Tree,0.03044390000286512,,,,,synthetic_retail_sales,regression,4080.158687480607,5338.8528187677575,0.3237693211387017
1,3,Random Forest,0.35820309998234734,,,,,synthetic_retail_sales,regression,3546.486881666667,4530.522422359978,0.5130374744181596
1,3,Gradient Boosting,0.04223580000689253,,,,,synthetic_retail_sales,regression,3840.7316609669365,4847.637839024284,0.4424814699898132
1,4,Linear Regression,0.020140700013143942,,,,,synthetic_retail_sales,regression,4354.433546954978,5233.020167313206,0.3830695743009298
1,4,Decision Tree,0.02361250002286397,,,,,synthetic_retail_sales,regression,5570.323268150517,6770.529610844979,-0.0327058946716301
1,4,Random Forest,0.43561839999165386,,,,,synthetic_retail_sales,regression,4782.083229999999,5640.135734240414,0.28334442474207233
1,4,Gradient Boosting,0.05744649999542162,,,,,synthetic_retail_sales,regression,4499.725508298319,5648.448472302892,0.28123037624867686
1,5,Linear Regression,0.023647299996810034,,,,,synthetic_retail_sales,regression,3559.3465469459256,4487.906712932448,0.5355315995968273
1,5,Decision Tree,0.026331400003982708,,,,,synthetic_retail_sales,regression,4566.224999330993,5815.488440898664,0.22009640120853424
1,5,Random Forest,0.36822490001213737,,,,,synthetic_retail_sales,regression,3670.9781175000003,4706.676185395664,0.48914556121823083
1,5,Gradient Boosting,0.04117199999745935,,,,,synthetic_retail_sales,regression,3933.3005626706085,4893.532282730433,0.44777832860113165
2,1,Linear Regression,0.019184200005838647,,,,,synthetic_retail_sales,regression,3777.6992913665194,4727.321597356659,0.4776937123069913
2,1,Decision Tree,0.02186249999795109,,,,,synthetic_retail_sales,regression,4106.409515951179,5245.990027214254,0.3567943079482617
2,1,Random Forest,0.35674739998648874,,,,,synthetic_retail_sales,regression,3900.7529741666667,4948.01529338869,0.42778791692211604
2,1,Gradient Boosting,0.05352409998886287,,,,,synthetic_retail_sales,regression,4081.047650157663,5037.530275869451,0.4068967602196709
2,2,Linear Regression,0.019177099980879575,,,,,synthetic_retail_sales,regression,3832.674499771937,4890.799883689208,0.5110721589616581
2,2,Decision Tree,0.020373000006657094,,,,,synthetic_retail_sales,regression,5254.483463473513,6346.188820857093,0.17678938660050403
2,2,Random Forest,0.40023050000309013,,,,,synthetic_retail_sales,regression,4036.347814166665,5036.486203525798,0.48151012632905377
2,2,Gradient Boosting,0.05270800000289455,,,,,synthetic_retail_sales,regression,4250.80385733934,5410.724505647727,0.4015941573228409
2,3,Linear Regression,0.022632199979852885,,,,,synthetic_retail_sales,regression,3381.797536073496,4315.949775868485,0.5439654723898797
2,3,Decision Tree,0.026532999996561557,,,,,synthetic_retail_sales,regression,4649.980344204696,5810.031886477715,0.17357776606887187
2,3,Random Forest,0.36046989998430945,,,,,synthetic_retail_sales,regression,3811.147775000002,4767.366528770226,0.4435808773590145
2,3,Gradient Boosting,0.051499799999874085,,,,,synthetic_retail_sales,regression,3867.598326160068,4909.183923162572,0.409984300603939
2,4,Linear Regression,0.021282399975461885,,,,,synthetic_retail_sales,regression,3746.0880923944524,4662.996094672302,0.4850368259207699
2,4,Decision Tree,0.025097900012042373,,,,,synthetic_retail_sales,regression,4680.3347913124835,5992.527510469871,0.14951601028172867
2,4,Random Forest,0.5388117999827955,,,,,synthetic_retail_sales,regression,4032.122668333335,5003.858298547692,0.4069981136770249
2,4,Gradient Boosting,0.0807937000063248,,,,,synthetic_retail_sales,regression,3941.5786305691186,4996.782206319645,0.40867408803670924
2,5,Linear Regression,0.03687470001750626,,,,,synthetic_retail_sales,regression,3870.830854765881,4648.147830213288,0.4966638290330573
2,5,Decision Tree,0.05123640000238083,,,,,synthetic_retail_sales,regression,5674.134651327205,6854.689892421716,-0.09464652086238035
2,5,Random Forest,0.6567792000132613,,,,,synthetic_retail_sales,regression,4172.066132499998,5060.870148048027,0.40331012889064566
2,5,Gradient Boosting,0.07817370002157986,,,,,synthetic_retail_sales,regression,4069.5357779674578,4988.662468139678,0.4202156098965797
3,1,Linear Regression,0.03325360000599176,,,,,synthetic_retail_sales,regression,4075.4217493254296,4979.015578755094,0.4901904681479258
3,1,Decision Tree,0.03811250001308508,,,,,synthetic_retail_sales,regression,5087.6137765868525,6584.372163990952,0.10844175355676966
3,1,Random Forest,0.548555999994278,,,,,synthetic_retail_sales,regression,4364.278644166667,5231.040510307819,0.43727378503064096
3,1,Gradient Boosting,0.06259570000111125,,,,,synthetic_retail_sales,regression,4366.886471925177,5353.328382173366,0.4106561579742293
3,2,Linear Regression,0.02952090001781471,,,,,synthetic_retail_sales,regression,3830.6203535352656,4615.278341423033,0.4681178036609346
3,2,Decision Tree,0.03315730000031181,,,,,synthetic_retail_sales,regression,5024.3001454673395,6121.602916194953,0.0642712610034254
3,2,Random Forest,0.5327619000163395,,,,,synthetic_retail_sales,regression,4131.202470833333,4998.855781042592,0.3760340763548944
3,2,Gradient Boosting,0.05850280000595376,,,,,synthetic_retail_sales,regression,3976.823179693129,4918.62513681231,0.3959024038824206
3,3,Linear Regression,0.027919800020754337,,,,,synthetic_retail_sales,regression,3632.2104931679837,4547.603666896826,0.5440896447937955
3,3,Decision Tree,0.03181590000167489,,,,,synthetic_retail_sales,regression,4457.444857045378,5748.804721753032,0.27143323915377426
3,3,Random Forest,0.39013189999968745,,,,,synthetic_retail_sales,regression,3608.30122,4694.9944421409955,0.5140580349641525
3,3,Gradient Boosting,0.04168240001308732,,,,,synthetic_retail_sales,regression,3932.622496141923,5027.5565509371945,0.4427781097171821
3,4,Linear Regression,0.021392499998910353,,,,,synthetic_retail_sales,regression,3469.8886041048263,4496.132933585181,0.5267779066339916
3,4,Decision Tree,0.022420399996917695,,,,,synthetic_retail_sales,regression,4590.590652612355,5664.228470651947,0.24895103629592774
3,4,Random Forest,0.34552989999065176,,,,,synthetic_retail_sales,regression,3843.7638316666644,4888.477214683111,0.44058524565505497
3,4,Gradient Boosting,0.04062220000196248,,,,,synthetic_retail_sales,regression,3907.5222776993605,5033.686481819502,0.406857489655598
3,5,Linear Regression,0.018113700003596023,,,,,synthetic_retail_sales,regression,3710.8381090640914,4745.1781269104295,0.4698437987215799
3,5,Decision Tree,0.019395100011024624,,,,,synthetic_retail_sales,regression,4842.997708819253,6065.947330680626,0.13364462077441142
3,5,Random Forest,0.35761659999843687,,,,,synthetic_retail_sales,regression,3794.9825108333343,4873.22424491939,0.44084579083007924
3,5,Gradient Boosting,0.04345729999477044,,,,,synthetic_retail_sales,regression,4156.227154701779,5126.135123980227,0.38130172391723505
4,1,Linear Regression,0.018357799999648705,,,,,synthetic_retail_sales,regression,3883.2655612735407,4777.571351106668,0.43728304605076007
4,1,Decision Tree,0.02278699999442324,,,,,synthetic_retail_sales,regression,5170.621817958647,6439.646868564863,-0.022350330354611536
4,1,Random Forest,0.34250700002303347,,,,,synthetic_retail_sales,regression,4147.412575000001,5105.009288471928,0.35750654230357914
4,1,Gradient Boosting,0.04381360000115819,,,,,synthetic_retail_sales,regression,4022.304023063329,4969.1438580928525,0.39125027748041175
4,2,Linear Regression,0.01815869999700226,,,,,synthetic_retail_sales,regression,3304.266800178952,4358.802283397311,0.5447802971093152
4,2,Decision Tree,0.0204373000015039,,,,,synthetic_retail_sales,regression,4807.887119196898,6010.955830207762,0.13428730747742856
4,2,Random Forest,0.3385208999970928,,,,,synthetic_retail_sales,regression,3895.165392499999,4937.855175358114,0.4157975044250568
4,2,Gradient Boosting,0.04373089998262003,,,,,synthetic_retail_sales,regression,3673.022135188448,4757.763535696589,0.45763404749500736
4,3,Linear Regression,0.02035890001570806,,,,,synthetic_retail_sales,regression,3444.203072055998,4347.461826964106,0.5382140301033784
4,3,Decision Tree,0.022239999991143122,,,,,synthetic_retail_sales,regression,4460.5522136523205,5800.44783766633,0.17796136304999455
4,3,Random Forest,0.3536228000011761,,,,,synthetic_retail_sales,regression,3674.4277074999986,4575.879602006313,0.48841434615101287
4,3,Gradient Boosting,0.041638299997430295,,,,,synthetic_retail_sales,regression,3663.7441780052195,4583.544087216165,0.4866991242300176
4,4,Linear Regression,0.01821939999354072,,,,,synthetic_retail_sales,regression,3736.7359783125894,4732.02302975328,0.5330409197932927
4,4,Decision Tree,0.020116599975153804,,,,,synthetic_retail_sales,regression,4837.2780319426965,6107.567519376583,0.22210374745091044
4,4,Random Forest,0.3340760999999475,,,,,synthetic_retail_sales,regression,4030.815809166667,5143.358870469813,0.4483307450455366
4,4,Gradient Boosting,0.0424256999976933,,,,,synthetic_retail_sales,regression,4179.042291579927,5366.993010101845,0.39931444961885154
4,5,Linear Regression,0.024350499996216968,,,,,synthetic_retail_sales,regression,4174.9745417453805,4992.335001153559,0.48594308380509565
4,5,Decision Tree,0.02034680001088418,,,,,synthetic_retail_sales,regression,5288.575357140314,6597.562066925972,0.10221832747923454
4,5,Random Forest,0.3426082999794744,,,,,synthetic_retail_sales,regression,4403.622855833334,5463.413559304953,0.38435278582312926
4,5,Gradient Boosting,0.0415600000123959,,,,,synthetic_retail_sales,regression,4624.999887986857,5561.131951887076,0.3621329536005401
5,1,Linear Regression,0.01976769999600947,,,,,synthetic_retail_sales,regression,3816.4908832791666,4748.463925724993,0.5073676406060134
5,1,Decision Tree,0.028631499997572973,,,,,synthetic_retail_sales,regression,5076.591381893972,6156.022110840206,0.1720254422024109
5,1,Random Forest,0.3714447999955155,,,,,synthetic_retail_sales,regression,4097.717956666666,4947.390804055731,0.46522747701151823
5,1,Gradient Boosting,0.043991300015477464,,,,,synthetic_retail_sales,regression,4278.561372849254,5253.7981367392185,0.39693598589358736
5,2,Linear Regression,0.019989199994597584,,,,,synthetic_retail_sales,regression,3496.7265160331212,4393.902277766978,0.4982514725876571
5,2,Decision Tree,0.021983299986459315,,,,,synthetic_retail_sales,regression,5057.975219289738,6265.858079886471,-0.020343558132046136
5,2,Random Forest,0.3697855999926105,,,,,synthetic_retail_sales,regression,3531.6075024999996,4343.773730148561,0.509634725312883
5,2,Gradient Boosting,0.04098119999980554,,,,,synthetic_retail_sales,regression,3731.749414816532,4693.396790098679,0.4275206010775857
5,3,Linear Regression,0.018162299995310605,,,,,synthetic_retail_sales,regression,3909.813736095026,4873.273092153468,0.4775536925871957
5,3,Decision Tree,0.01969810001901351,,,,,synthetic_retail_sales,regression,5624.07083396164,6768.179573694688,-0.007729358139299425
5,3,Random Forest,0.3373833999794442,,,,,synthetic_retail_sales,regression,4130.156932500001,5156.985809489287,0.41495127404914633
5,3,Gradient Boosting,0.04112660000100732,,,,,synthetic_retail_sales,regression,4060.7765901403627,5176.338257928913,0.41055204946197255
5,4,Linear Regression,0.017635099997278303,,,,,synthetic_retail_sales,regression,3420.8300294719675,4304.556126335701,0.6267283745963347
5,4,Decision Tree,0.021402599988505244,,,,,synthetic_retail_sales,regression,4243.560013221816,5214.121080476661,0.4523154975634922
5,4,Random Forest,0.3386776999977883,,,,,synthetic_retail_sales,regression,3706.683201666667,4551.99569771373,0.5825812877310624
5,4,Gradient Boosting,0.05427150000468828,,,,,synthetic_retail_sales,regression,4060.5876348142865,5141.189902869094,0.4675295391861568
5,5,Linear Regression,0.030249500006902963,,,,,synthetic_retail_sales,regression,3977.7680241567077,4941.169250789786,0.4015067794158157
5,5,Decision Tree,0.03113719998509623,,,,,synthetic_retail_sales,regression,5449.25774413503,6809.5491889972045,-0.13667549618799368
5,5,Random Forest,0.33251400000881404,,,,,synthetic_retail_sales,regression,4246.530001666667,5243.234814897641,0.3260954469383336
5,5,Gradient Boosting,0.0423941999906674,,,,,synthetic_retail_sales,regression,4117.8441203728935,5012.7481021276435,0.38404137966297514
1,1,Logistic Regression,0.02348949998850003,0.6166666666666667,0.6172222222222222,0.6166666666666667,0.616773177734556,synthetic_retail_churn,classification,,,
1,1,Decision Tree,0.020913599990308285,0.49166666666666664,0.49017647611001597,0.49166666666666664,0.4900691389063482,synthetic_retail_churn,classification,,,
1,1,Random Forest,0.2973774000129197,0.6,0.6013348164627365,0.6,0.6,synthetic_retail_churn,classification,,,
1,1,Gradient Boosting,0.07160240001394413,0.6166666666666667,0.6163299663299663,0.6166666666666667,0.615811011904762,synthetic_retail_churn,classification,,,
1,2,Logistic Regression,0.032049400004325435,0.7166666666666667,0.7197916666666667,0.7166666666666667,0.7164304899509123,synthetic_retail_churn,classification,,,
1,2,Decision Tree,0.03794390000985004,0.55,0.5492143658810326,0.55,0.5489955357142857,synthetic_retail_churn,classification,,,
1,2,Random Forest,0.29950059999828227,0.625,0.6269145084934559,0.625,0.6248697826237933,synthetic_retail_churn,classification,,,
1,2,Gradient Boosting,0.052772700000787154,0.6083333333333333,0.6127898244625928,0.6083333333333333,0.6071072463768116,synthetic_retail_churn,classification,,,
1,3,Logistic Regression,0.024631400010548532,0.7,0.7005555555555555,0.7,0.7000833564879133,synthetic_retail_churn,classification,,,
1,3,Decision Tree,0.022357799985911697,0.575,0.5758960822450679,0.575,0.5750885478158205,synthetic_retail_churn,classification,,,
1,3,Random Forest,0.27004149998538196,0.65,0.65,0.65,0.65,synthetic_retail_churn,classification,,,
1,3,Gradient Boosting,0.051344100007554516,0.6333333333333333,0.633446455505279,0.6333333333333333,0.6317948717948717,synthetic_retail_churn,classification,,,
1,4,Logistic Regression,0.023683699982939288,0.65,0.6523148148148148,0.65,0.6465502675302731,synthetic_retail_churn,classification,,,
1,4,Decision Tree,0.02169960000901483,0.5833333333333334,0.5827721661054994,0.5833333333333334,0.5824032738095238,synthetic_retail_churn,classification,,,
1,4,Random Forest,0.26428929998655804,0.6083333333333333,0.608283603296391,0.6083333333333333,0.6062212573242757,synthetic_retail_churn,classification,,,
1,4,Gradient Boosting,0.05396260000998154,0.6,0.5996606334841629,0.6,0.5983216783216783,synthetic_retail_churn,classification,,,
1,5,Logistic Regression,0.02329360001021996,0.7166666666666667,0.7186979016958897,0.7166666666666667,0.7144325542100816,synthetic_retail_churn,classification,,,
1,5,Decision Tree,0.02076299997861497,0.625,0.6242929864253394,0.625,0.6235555711184256,synthetic_retail_churn,classification,,,
1,5,Random Forest,0.261720200011041,0.6,0.5990801954584649,0.6,0.5968459588848212,synthetic_retail_churn,classification,,,
1,5,Gradient Boosting,0.04908510000677779,0.6416666666666667,0.6415000000000001,0.6416666666666667,0.6393753074274471,synthetic_retail_churn,classification,,,
2,1,Logistic Regression,0.024527400004444644,0.7,0.7030133928571428,0.7,0.6997499305362601,synthetic_retail_churn,classification,,,
2,1,Decision Tree,0.02062550000846386,0.675,0.6786713286713286,0.675,0.6745257452574526,synthetic_retail_churn,classification,,,
2,1,Random Forest,0.2666989999997895,0.7,0.7005555555555555,0.7,0.7000833564879133,synthetic_retail_churn,classification,,,
2,1,Gradient Boosting,0.05118489998858422,0.675,0.6759794387329815,0.675,0.6750677130356275,synthetic_retail_churn,classification,,,
2,2,Logistic Regression,0.025182400015182793,0.7333333333333333,0.7363809523809525,0.7333333333333333,0.7315375982042648,synthetic_retail_churn,classification,,,
2,2,Decision Tree,0.024623699981020764,0.6166666666666667,0.617824074074074,0.6166666666666667,0.612888388247442,synthetic_retail_churn,classification,,,
2,2,Random Forest,0.28664010000647977,0.625,0.627003788982804,0.625,0.6206349206349205,synthetic_retail_churn,classification,,,
2,2,Gradient Boosting,0.07383710000431165,0.725,0.7270389315146348,0.725,0.723517053014917,synthetic_retail_churn,classification,,,
2,3,Logistic Regression,0.03588560002390295,0.6666666666666666,0.6758095238095237,0.6666666666666666,0.6644345238095238,synthetic_retail_churn,classification,,,
2,3,Decision Tree,0.031235900009050965,0.5916666666666667,0.5958274664413781,0.5916666666666667,0.5903884057971015,synthetic_retail_churn,classification,,,
2,3,Random Forest,0.4076784999924712,0.6166666666666667,0.6204826038159371,0.6166666666666667,0.6158138672599184,synthetic_retail_churn,classification,,,
2,3,Gradient Boosting,0.07478990001254715,0.6083333333333333,0.6145069622051719,0.6083333333333333,0.6062318537616426,synthetic_retail_churn,classification,,,
2,4,Logistic Regression,0.03635280000162311,0.6916666666666667,0.7018977146884123,0.6916666666666667,0.6854073177101883,synthetic_retail_churn,classification,,,
2,4,Decision Tree,0.03395939999609254,0.5666666666666667,0.5666666666666667,0.5666666666666667,0.5666666666666667,synthetic_retail_churn,classification,,,
2,4,Random Forest,0.303624000021955,0.6583333333333333,0.6602519881191913,0.6583333333333333,0.6555243248307685,synthetic_retail_churn,classification,,,
2,4,Gradient Boosting,0.050105600006645545,0.6333333333333333,0.634095238095238,0.6333333333333333,0.6308641975308641,synthetic_retail_churn,classification,,,
2,5,Logistic Regression,0.02433069999096915,0.6666666666666666,0.6662911855815263,0.6666666666666666,0.6657342657342658,synthetic_retail_churn,classification,,,
2,5,Decision Tree,0.02069050000864081,0.5833333333333334,0.5862573099415205,0.5833333333333334,0.5833333333333334,synthetic_retail_churn,classification,,,
2,5,Random Forest,0.27241760000470094,0.5583333333333333,0.558718020022247,0.5583333333333333,0.5584869565217391,synthetic_retail_churn,classification,,,
2,5,Gradient Boosting,0.05022800000733696,0.6166666666666667,0.6174353987218671,0.6166666666666667,0.6168798665183537,synthetic_retail_churn,classification,,,
3,1,Logistic Regression,0.02325989998644218,0.7333333333333333,0.7332961309523809,0.7333333333333333,0.7331105541631857,synthetic_retail_churn,classification,,,
3,1,Decision Tree,0.020734300022013485,0.6,0.5996651785714285,0.6,0.5996658312447786,synthetic_retail_churn,classification,,,
3,1,Random Forest,0.2762885999982245,0.7,0.7,0.7,0.7,synthetic_retail_churn,classification,,,
3,1,Gradient Boosting,0.05252830000245012,0.775,0.777541074909496,0.775,0.774921869574276,synthetic_retail_churn,classification,,,
3,2,Logistic Regression,0.022834200004581362,0.625,0.6248259537733222,0.625,0.6248695652173913,synthetic_retail_churn,classification,,,
3,2,Decision Tree,0.020565000013448298,0.5333333333333333,0.5324354657687991,0.5333333333333333,0.5322916666666667,synthetic_retail_churn,classification,,,
3,2,Random Forest,0.27117249998264015,0.5916666666666667,0.5912121212121212,0.5916666666666667,0.5910691473300351,synthetic_retail_churn,classification,,,
3,2,Gradient Boosting,0.05097030001343228,0.5583333333333333,0.5575002346756782,0.5583333333333333,0.5569453174104336,synthetic_retail_churn,classification,,,
3,3,Logistic Regression,0.026907899999059737,0.6833333333333333,0.6833333333333333,0.6833333333333333,0.6833333333333333,synthetic_retail_churn,classification,,,
3,3,Decision Tree,0.02165209999657236,0.6166666666666667,0.6204826038159371,0.6166666666666667,0.6158138672599184,synthetic_retail_churn,classification,,,
3,3,Random Forest,0.2662762999825645,0.6416666666666667,0.6414219114219114,0.6416666666666667,0.6411423129630921,synthetic_retail_churn,classification,,,
3,3,Gradient Boosting,0.052285200014011934,0.6583333333333333,0.65856719459109,0.6583333333333333,0.6584045584045584,synthetic_retail_churn,classification,,,
3,4,Logistic Regression,0.024581700010458007,0.6833333333333333,0.6831845238095239,0.6833333333333333,0.683068783068783,synthetic_retail_churn,classification,,,
3,4,Decision Tree,0.020474999997531995,0.5916666666666667,0.5919190515884042,0.5916666666666667,0.591751789312765,synthetic_retail_churn,classification,,,
3,4,Random Forest,0.2758670000184793,0.6,0.6050904977375566,0.6,0.5983291562238932,synthetic_retail_churn,classification,,,
3,4,Gradient Boosting,0.04973120000795461,0.6083333333333333,0.6085810873390757,0.6083333333333333,0.6084149815857134,synthetic_retail_churn,classification,,,
3,5,Logistic Regression,0.023516600020229816,0.6583333333333333,0.6578703703703703,0.6583333333333333,0.6576890844332705,synthetic_retail_churn,classification,,,
3,5,Decision Tree,0.020971499994629994,0.5166666666666667,0.5166666666666667,0.5166666666666667,0.5166666666666667,synthetic_retail_churn,classification,,,
3,5,Random Forest,0.29004409999470226,0.5833333333333334,0.5833333333333334,0.5833333333333334,0.5833333333333334,synthetic_retail_churn,classification,,,
3,5,Gradient Boosting,0.05151089999708347,0.625,0.624368686868687,0.625,0.6242928975487115,synthetic_retail_churn,classification,,,
4,1,Logistic Regression,0.02777119999518618,0.625,0.6259701063524,0.625,0.6219169418874289,synthetic_retail_churn,classification,,,
4,1,Decision Tree,0.030081600008998066,0.6083333333333333,0.6088291654690045,0.6083333333333333,0.6051132504157589,synthetic_retail_churn,classification,,,
4,1,Random Forest,0.29021259999717586,0.6,0.6005787037037037,0.6,0.5960574486060265,synthetic_retail_churn,classification,,,
4,1,Gradient Boosting,0.05229749999125488,0.6416666666666667,0.6443651024968424,0.6416666666666667,0.6374955908289243,synthetic_retail_churn,classification,,,
4,2,Logistic Regression,0.025491399981547147,0.6666666666666666,0.6664806547619048,0.6666666666666666,0.6663881927039822,synthetic_retail_churn,classification,,,
4,2,Decision Tree,0.02229090000037104,0.6,0.5996606334841629,0.6,0.5983216783216783,synthetic_retail_churn,classification,,,
4,2,Random Forest,0.35106260000611655,0.6333333333333333,0.6347423062662217,0.6333333333333333,0.6333333333333333,synthetic_retail_churn,classification,,,
4,2,Gradient Boosting,0.06866349998745136,0.625,0.6248259537733222,0.625,0.6248695652173913,synthetic_retail_churn,classification,,,
4,3,Logistic Regression,0.030594200012274086,0.775,0.7752014448457903,0.775,0.7750469043151971,synthetic_retail_churn,classification,,,
4,3,Decision Tree,0.028355300019029528,0.6083333333333333,0.6079487179487179,0.6083333333333333,0.6077602025410541,synthetic_retail_churn,classification,,,
4,3,Random Forest,0.27829089999431744,0.6166666666666667,0.6180385613644791,0.6166666666666667,0.6166666666666667,synthetic_retail_churn,classification,,,
4,3,Gradient Boosting,0.0578244999924209,0.6583333333333333,0.658187134502924,0.6583333333333333,0.6582144927536232,synthetic_retail_churn,classification,,,
4,4,Logistic Regression,0.02595749997999519,0.625,0.6246853146853145,0.625,0.624451257752073,synthetic_retail_churn,classification,,,
4,4,Decision Tree,0.02087259999825619,0.5916666666666667,0.5912121212121212,0.5916666666666667,0.5910691473300351,synthetic_retail_churn,classification,,,
4,4,Random Forest,0.30622880000737496,0.6,0.5995510662177329,0.6,0.5991071428571428,synthetic_retail_churn,classification,,,
4,4,Gradient Boosting,0.06321079999906942,0.5833333333333334,0.5838888888888889,0.5833333333333334,0.5834491062332129,synthetic_retail_churn,classification,,,
4,5,Logistic Regression,0.026893300004303455,0.675,0.6753197997775306,0.675,0.6751130434782607,synthetic_retail_churn,classification,,,
4,5,Decision Tree,0.02534449999802746,0.575,0.5833571428571428,0.575,0.5723050658490698,synthetic_retail_churn,classification,,,
4,5,Random Forest,0.31524959998205304,0.575,0.5772942157953281,0.575,0.5751475796930342,synthetic_retail_churn,classification,,,
4,5,Gradient Boosting,0.05368760001147166,0.675,0.6775723025583982,0.675,0.6751128550593791,synthetic_retail_churn,classification,,,
5,1,Logistic Regression,0.02281950000906363,0.725,0.7270389315146348,0.725,0.723517053014917,synthetic_retail_churn,classification,,,
5,1,Decision Tree,0.02124610001919791,0.6333333333333333,0.6347423062662217,0.6333333333333333,0.6333333333333333,synthetic_retail_churn,classification,,,
5,1,Random Forest,0.27231999998912215,0.6666666666666666,0.6672322775263952,0.6666666666666666,0.6652680652680653,synthetic_retail_churn,classification,,,
5,1,Gradient Boosting,0.04923539998708293,0.6666666666666666,0.6681904761904762,0.6666666666666666,0.6644219977553312,synthetic_retail_churn,classification,,,
5,2,Logistic Regression,0.025854900013655424,0.6916666666666667,0.6931088377379938,0.6916666666666667,0.6900039685318766,synthetic_retail_churn,classification,,,
5,2,Decision Tree,0.021230899990769103,0.5333333333333333,0.5314531923227576,0.5333333333333333,0.5269984917043741,synthetic_retail_churn,classification,,,
5,2,Random Forest,0.32432309997966513,0.6083333333333333,0.6079930535999248,0.6083333333333333,0.6071024512884977,synthetic_retail_churn,classification,,,
5,2,Gradient Boosting,0.05148840000038035,0.7166666666666667,0.7193333333333333,0.7166666666666667,0.7147586980920314,synthetic_retail_churn,classification,,,
5,3,Logistic Regression,0.02483449998544529,0.6583333333333333,0.6592988793183293,0.6583333333333333,0.6584045188323263,synthetic_retail_churn,classification,,,
5,3,Decision Tree,0.02259009997942485,0.5583333333333333,0.5573884626314294,0.5583333333333333,0.5559516305997152,synthetic_retail_churn,classification,,,
5,3,Random Forest,0.29249230001005344,0.6083333333333333,0.6113519813519813,0.6083333333333333,0.6077617955666736,synthetic_retail_churn,classification,,,
5,3,Gradient Boosting,0.05129020000458695,0.6416666666666667,0.65122640605538,0.6416666666666667,0.6387387387387388,synthetic_retail_churn,classification,,,
5,4,Logistic Regression,0.02476959998602979,0.6666666666666666,0.6666666666666666,0.6666666666666666,0.6666666666666666,synthetic_retail_churn,classification,,,
5,4,Decision Tree,0.021835100022144616,0.5083333333333333,0.5097605123920913,0.5083333333333333,0.5081626038845289,synthetic_retail_churn,classification,,,
5,4,Random Forest,0.2787811000016518,0.6083333333333333,0.610178223336118,0.6083333333333333,0.6081973285181841,synthetic_retail_churn,classification,,,
5,4,Gradient Boosting,0.05354190000798553,0.6583333333333333,0.6618414918414918,0.6583333333333333,0.6578347578347578,synthetic_retail_churn,classification,,,
5,5,Logistic Regression,0.03448740000021644,0.6583333333333333,0.6595833333333334,0.6583333333333333,0.6585470085470085,synthetic_retail_churn,classification,,,
5,5,Decision Tree,0.022531099995831028,0.575,0.5772942157953281,0.575,0.5751475796930342,synthetic_retail_churn,classification,,,
5,5,Random Forest,0.2817176000098698,0.675,0.6753197997775306,0.675,0.6751130434782607,synthetic_retail_churn,classification,,,
5,5,Gradient Boosting,0.04823949999990873,0.6166666666666667,0.616153846153846,0.6166666666666667,0.6162388392857143,synthetic_retail_churn,classification,,,
