Repeat,Fold,Model,Runtime_Sec,MAE,RMSE,R2
1,1,Linear Regression,0.008819383999934871,3597.978694662064,4485.898312082618,0.5721707001123272
1,1,Decision Tree,0.008084038000106375,5046.99065221507,6180.31249635892,0.18793172440561035
1,1,Random Forest,0.13116611200007355,3835.393566666667,4690.0839843775775,0.5323371048739756
1,1,Gradient Boosting,0.017088390000026266,3946.5997771493744,4965.9615208648065,0.47570179022947223
1,2,Linear Regression,0.0072664490000988735,4018.6855238509897,4921.128545507092,0.4070897380802859
1,2,Decision Tree,0.008079772000201046,5280.179152335213,6626.553764654583,-0.07506568563683547
1,2,Random Forest,0.12123969699996451,4279.101285833332,5339.456354941409,0.3020028811483575
1,2,Gradient Boosting,0.01820222600008492,4121.380041958715,5143.752643808619,0.35223168703897
1,3,Linear Regression,0.007042101000024559,3218.1645938306347,4185.044410983206,0.5844731278237083
1,3,Decision Tree,0.008046210999964387,4080.158687480607,5338.8528187677575,0.3237693211387017
1,3,Random Forest,0.10525223199988432,3546.486881666667,4530.522422359979,0.5130374744181594
1,3,Gradient Boosting,0.016601578000063455,3840.7316609669365,4847.637839024284,0.4424814699898132
1,4,Linear Regression,0.007080228999939209,4354.433546954975,5233.020167313205,0.38306957430093014
1,4,Decision Tree,0.007497145000115779,5570.323268150517,6770.529610844979,-0.0327058946716301
1,4,Random Forest,0.1168580529999872,4782.083229999999,5640.135734240414,0.2833444247420722
1,4,Gradient Boosting,0.018719654000051378,4499.725508298319,5648.448472302892,0.28123037624867686
1,5,Linear Regression,0.007670456999903763,3559.3465469459256,4487.906712932448,0.5355315995968273
1,5,Decision Tree,0.007885418999876492,4566.224999330993,5815.488440898664,0.22009640120853424
1,5,Random Forest,0.12058383500016134,3670.9781175000003,4706.676185395663,0.48914556121823094
1,5,Gradient Boosting,0.018627044999902864,3933.3005626706085,4893.532282730433,0.44777832860113165
2,1,Linear Regression,0.00684446500008562,3777.6992913665204,4727.3215973566585,0.4776937123069914
2,1,Decision Tree,0.007980061999887766,4106.409515951179,5245.990027214254,0.3567943079482617
2,1,Random Forest,0.11743654099996093,3900.752974166667,4948.015293388691,0.42778791692211593
2,1,Gradient Boosting,0.01775185899987264,4081.047650157663,5037.530275869451,0.4068967602196709
2,2,Linear Regression,0.007087850000061735,3832.674499771931,4890.799883689206,0.5110721589616587
2,2,Decision Tree,0.007745819999854575,5254.483463473513,6346.188820857093,0.17678938660050403
2,2,Random Forest,0.12007290799988368,4036.3478141666646,5036.486203525798,0.48151012632905354
2,2,Gradient Boosting,0.019761570999889955,4250.80385733934,5410.724505647727,0.4015941573228409
2,3,Linear Regression,0.008228425999959654,3381.7975360734986,4315.9497758684865,0.5439654723898795
2,3,Decision Tree,0.008368425999833562,4649.980344204696,5810.031886477715,0.17357776606887187
2,3,Random Forest,0.10900669900001958,3811.1477750000026,4767.366528770227,0.4435808773590144
2,3,Gradient Boosting,0.022172637000039686,3867.598326160068,4909.183923162572,0.409984300603939
2,4,Linear Regression,0.010903258000098504,3746.0880923944537,4662.996094672305,0.48503682592076935
2,4,Decision Tree,0.008446983999874647,4680.3347913124835,5992.527510469871,0.14951601028172867
2,4,Random Forest,0.10342042100000981,4032.122668333335,5003.858298547692,0.4069981136770249
2,4,Gradient Boosting,0.016578994000155944,3941.5786305691186,4996.782206319645,0.40867408803670924
2,5,Linear Regression,0.007366358999888689,3870.8308547658808,4648.147830213288,0.49666382903305717
2,5,Decision Tree,0.007791979000103311,5674.134651327205,6854.689892421716,-0.09464652086238035
2,5,Random Forest,0.11130330199989658,4172.066132499998,5060.870148048026,0.40331012889064577
2,5,Gradient Boosting,0.017714101999899867,4069.5357779674578,4988.662468139678,0.4202156098965797
3,1,Linear Regression,0.00700072899985571,4075.421749325428,4979.015578755095,0.49019046814792555
3,1,Decision Tree,0.00899504800008799,5087.6137765868525,6584.372163990952,0.10844175355676966
3,1,Random Forest,0.11889514499989673,4364.278644166667,5231.040510307818,0.43727378503064107
3,1,Gradient Boosting,0.018633394000062253,4366.886471925177,5353.328382173366,0.4106561579742293
3,2,Linear Regression,0.007513809999863952,3830.620353535257,4615.278341423025,0.4681178036609366
3,2,Decision Tree,0.008275385999922946,5024.3001454673395,6121.602916194953,0.0642712610034254
3,2,Random Forest,0.09855356200000642,4131.202470833334,4998.855781042591,0.3760340763548945
3,2,Gradient Boosting,0.018338930999789227,3976.823179693129,4918.62513681231,0.3959024038824206
3,3,Linear Regression,0.0077709269999104436,3632.210493167982,4547.603666896826,0.5440896447937955
3,3,Decision Tree,0.007928963999802363,4457.444857045378,5748.804721753032,0.27143323915377426
3,3,Random Forest,0.11059678400010853,3608.30122,4694.994442140995,0.5140580349641526
3,3,Gradient Boosting,0.020764188999919497,3932.622496141923,5027.5565509371945,0.4427781097171821
3,4,Linear Regression,0.007314489999998841,3469.8886041048263,4496.13293358518,0.5267779066339917
3,4,Decision Tree,0.00769700599994394,4590.590652612355,5664.228470651947,0.24895103629592774
3,4,Random Forest,0.11980385100014246,3843.763831666665,4888.477214683111,0.44058524565505497
3,4,Gradient Boosting,0.01853971300010926,3907.5222776993605,5033.686481819502,0.406857489655598
3,5,Linear Regression,0.007197543999836853,3710.838109064088,4745.178126910428,0.46984379872158044
3,5,Decision Tree,0.007912681000107114,4842.997708819253,6065.947330680626,0.13364462077441142
3,5,Random Forest,0.11530559600009838,3794.982510833334,4873.22424491939,0.44084579083007924
3,5,Gradient Boosting,0.018133862999775374,4156.227154701779,5126.135123980227,0.38130172391723505
4,1,Linear Regression,0.00709240699984548,3883.2655612735416,4777.5713511066715,0.4372830460507594
4,1,Decision Tree,0.0076983680000921595,5170.621817958647,6439.646868564863,-0.022350330354611536
4,1,Random Forest,0.11081823799986523,4147.412575000001,5105.009288471927,0.35750654230357926
4,1,Gradient Boosting,0.019058583000060025,4022.304023063329,4969.1438580928525,0.39125027748041175
4,2,Linear Regression,0.007421591999900556,3304.266800178953,4358.802283397312,0.544780297109315
4,2,Decision Tree,0.007551737000085268,4807.887119196898,6010.955830207762,0.13428730747742856
4,2,Random Forest,0.12041012400004547,3895.165392499999,4937.855175358114,0.4157975044250568
4,2,Gradient Boosting,0.017126618000020244,3673.022135188448,4757.763535696589,0.45763404749500736
4,3,Linear Regression,0.006642881000061607,3444.203072055998,4347.461826964107,0.5382140301033782
4,3,Decision Tree,0.007794422999950257,4460.5522136523205,5800.44783766633,0.17796136304999455
4,3,Random Forest,0.11726954999994632,3674.427707499999,4575.879602006313,0.488414346151013
4,3,Gradient Boosting,0.03222304200016879,3663.7441780052195,4583.544087216165,0.4866991242300176
4,4,Linear Regression,0.007074069000054806,3736.7359783125876,4732.023029753278,0.5330409197932929
4,4,Decision Tree,0.008096616999864636,4837.2780319426965,6107.567519376583,0.22210374745091044
4,4,Random Forest,0.12763408799992249,4030.815809166666,5143.358870469812,0.4483307450455367
4,4,Gradient Boosting,0.01782017100003941,4179.042291579927,5366.993010101845,0.39931444961885154
4,5,Linear Regression,0.006848329999911584,4174.974541745372,4992.335001153554,0.48594308380509654
4,5,Decision Tree,0.007776865999858273,5288.575357140314,6597.562066925972,0.10221832747923454
4,5,Random Forest,0.12555297399990195,4403.622855833334,5463.413559304954,0.38435278582312926
4,5,Gradient Boosting,0.017988734999789813,4624.999887986857,5561.131951887076,0.3621329536005401
5,1,Linear Regression,0.006985665999991397,3816.4908832791675,4748.463925724995,0.507367640606013
5,1,Decision Tree,0.008624419999932798,5076.591381893972,6156.022110840206,0.1720254422024109
5,1,Random Forest,0.12393472400003702,4097.717956666667,4947.390804055732,0.4652274770115181
5,1,Gradient Boosting,0.01916809799990915,4278.561372849254,5253.7981367392185,0.39693598589358736
5,2,Linear Regression,0.00713491100009378,3496.7265160331212,4393.902277766979,0.498251472587657
5,2,Decision Tree,0.008521004999920478,5057.975219289738,6265.858079886471,-0.020343558132046136
5,2,Random Forest,0.12989003699999557,3531.6075025,4343.773730148562,0.509634725312883
5,2,Gradient Boosting,0.022807693000004292,3731.749414816532,4693.396790098679,0.4275206010775857
5,3,Linear Regression,0.007800461999977415,3909.81373609503,4873.273092153469,0.4775536925871955
5,3,Decision Tree,0.007907453000143505,5624.07083396164,6768.179573694688,-0.007729358139299425
5,3,Random Forest,0.11282126500009326,4130.1569325,5156.985809489287,0.41495127404914633
5,3,Gradient Boosting,0.017768373000080828,4060.7765901403627,5176.338257928913,0.41055204946197255
5,4,Linear Regression,0.0067683699999179225,3420.8300294719684,4304.556126335701,0.6267283745963346
5,4,Decision Tree,0.008150107000119533,4243.560013221816,5214.121080476661,0.4523154975634922
5,4,Random Forest,0.14688564800007953,3706.6832016666667,4551.995697713731,0.5825812877310623
5,4,Gradient Boosting,0.017217084000094474,4060.5876348142865,5141.189902869094,0.4675295391861568
5,5,Linear Regression,0.007430195000097228,3977.768024156712,4941.169250789787,0.4015067794158156
5,5,Decision Tree,0.007834523000155968,5449.25774413503,6809.5491889972045,-0.13667549618799368
5,5,Random Forest,0.10953478800001903,4246.530001666667,5243.23481489764,0.3260954469383337
5,5,Gradient Boosting,0.01622770600010881,4117.8441203728935,5012.7481021276435,0.38404137966297514
